Name,Age,Quantity,Product Type,Distributor,Base Price,Margin,Total Price,Sold By,Date,Membership Number
Alina,37,15,Silk Sarees,India,1596,157,9252,Alina Tuberfield,5/14/2024,01JGGCHADK9GJRDZK1S1GQ8R84
Lia,38,6,Modern Sarees,India,232,110,9021,Lia Gregore,12/29/2022,01JGGCHADMJ71XVBXH7QWZ6ZWZ
Hedi,66,5,Silk Sarees,India,9972,183,3827,Hedi Ingerith,5/8/2023,01JGGCHADPGM7QB82PPRF6KD3P
Phaidra,51,2,Regional Specials,India,9964,158,397,Phaidra Lucia,7/20/2023,01JGGCHADQBJTTXJSX67HM085N
Jeniffer,63,10,Silk Sarees,India,4241,28,5199,Jeniffer Sturm,10/13/2022,01JGGCHADR7TFEXVJWDTBFMTY3
Elisabeth,26,7,Modern Sarees,India,706,307,1716,Elisabeth Groundwator,1/3/2023,01JGGCHADSVSQGKJND3PS7Q61H
Aridatha,20,5,Cotton Sarees,India,6917,196,7785,Aridatha Gerhold,4/5/2023,01JGGCHADT13R3M233GPG46805
Leyla,26,10,Embroidered Sarees,India,926,298,6679,Leyla O'Toole,10/5/2024,01JGGCHADV422XEFHDD8YFY06E
Kirstin,49,12,Regional Specials,India,4745,257,6149,Kirstin Clelland,5/29/2023,01JGGCHADW4G3FHD93N61G47GM
Darryl,21,13,Modern Sarees,India,7069,136,3406,Darryl Franzetti,12/15/2023,01JGGCHADY4ZFC5YR39ZKEY3QZ
Chelsy,31,5,Cotton Sarees,India,4038,116,5317,Chelsy Verbeke,11/18/2023,01JGGCHADZSE26X4VBY0M7XZ9C
Corabella,57,10,Embroidered Sarees,India,2805,333,4764,Corabella Yare,12/27/2022,01JGGCHAE0022YT4F14MGZQEC0
Janaye,39,8,Cotton Sarees,India,9226,38,9833,Janaye Kitchingman,7/7/2022,01JGGCHAE1GYVM9END277YQZ74
Myrah,39,8,Handloom Sarees,India,9246,73,7412,Myrah Treble,11/25/2022,01JGGCHAE201Z2MGYMG3HARWVD
Jackquelin,45,2,Regional Specials,India,6331,181,6050,Jackquelin Louca,11/7/2024,01JGGCHAE342SWCXD0A6A0FR0P
Concettina,60,1,Cotton Sarees,India,1387,114,8567,Concettina Leney,3/24/2024,01JGGCHAE51MRQ7EBRVGFQP4YJ
Halley,54,4,Silk Sarees,India,1737,129,2933,Halley Westphal,10/20/2024,01JGGCHAE61MWWX4Y2PGKE1K6H
Katrina,56,3,Silk Sarees,India,4409,305,8849,Katrina Tomich,2/19/2023,01JGGCHAE8K88K814GQV38B5ER
Hedwig,29,1,Modern Sarees,India,8405,138,1351,Hedwig Setter,3/8/2024,01JGGCHAE9A9ZKA7GE7P05MC99
Maxine,33,10,Cotton Sarees,India,6091,28,6529,Maxine Raysdale,6/12/2022,01JGGCHAEAT0RS5R0QVEETD4QV
Megen,74,11,Cotton Sarees,India,5876,76,3744,Megen Ronayne,12/16/2023,01JGGCHAEBYVFXQ9FTDZ7NZP4Q
Thomasine,71,6,Silk Sarees,India,1747,93,1791,Thomasine Castaignet,6/21/2022,01JGGCHAEC2VAK3Q23KDC59T3D
Stephani,44,14,Embroidered Sarees,India,4237,174,5065,Stephani Rosenbarg,5/16/2023,01JGGCHAEDJTVTDPV1QVVSZM2X
Trudi,67,12,Regional Specials,India,7254,252,4757,Trudi Rosini,8/26/2022,01JGGCHAEE2BYNSZAC8MYSZT2Q
Jeane,44,4,Modern Sarees,India,4911,140,8726,Jeane Wordsley,11/24/2024,01JGGCHAEF8NW8E103DVSTP002
Roobbie,62,8,Cotton Sarees,India,4145,154,3590,Roobbie Venner,7/1/2024,01JGGCHAEG8XTDSW5J5A55TQ2J
Coraline,47,8,Silk Sarees,India,9550,369,2348,Coraline Saggs,9/25/2024,01JGGCHAEJD5210638XA7VFV0K
Wynne,23,14,Cotton Sarees,India,8390,16,5102,Wynne McBay,9/9/2022,01JGGCHAEKQVJD5KWES9NWRR0A
Pauli,46,15,Modern Sarees,India,1483,176,8192,Pauli Norewood,7/8/2024,01JGGCHAEMB722WF97NY9WRK3Y
Jacquelynn,72,11,Cotton Sarees,India,3589,84,2543,Jacquelynn Gaishson,5/24/2024,01JGGCHAEN4RWMM66P2M3AJVBW
Nolie,78,11,Handloom Sarees,India,1895,362,9848,Nolie Coppeard,12/2/2023,01JGGCHAEP36X8DJ4A0V3P5K7C
Rois,74,14,Silk Sarees,India,624,123,3279,Rois Abercrombie,12/24/2023,01JGGCHAEQY578FW8QD3DJP4DK
Colline,28,14,Regional Specials,India,5718,200,9060,Colline Dalgardno,8/25/2024,01JGGCHAER6Y4QHESRNPMB7B4P
Kara,58,15,Modern Sarees,India,1074,91,1556,Kara Vokins,9/29/2023,01JGGCHAES62NJSA5ZJNJS1XDQ
Cristi,25,6,Handloom Sarees,India,1547,179,1070,Cristi Lovie,11/15/2024,01JGGCHAETS8DAJDAXV562THCB
Yevette,38,11,Modern Sarees,India,2371,233,4380,Yevette Snadden,7/18/2022,01JGGCHAEVRCNGJXDH4001DC63
Cornela,58,5,Silk Sarees,India,5047,49,7721,Cornela Didsbury,8/23/2022,01JGGCHAEXX7KQNYQXK2W8VMMM
Mala,62,9,Embroidered Sarees,India,8502,84,4001,Mala Breens,5/17/2024,01JGGCHAEY0MQDMPZ4BW1JDY5F
Wilona,43,9,Regional Specials,India,4413,135,5177,Wilona Duffer,11/19/2022,01JGGCHAEZJ8Y9YJZQ09AP5VG8
Blinni,65,12,Cotton Sarees,India,1918,385,3303,Blinni Annon,8/25/2024,01JGGCHAF06ZZBMB5QPKQBP8DN
Camila,38,13,Embroidered Sarees,India,3190,100,3078,Camila Manclark,9/10/2022,01JGGCHAF34081PB020FF53F1T
Essie,78,8,Cotton Sarees,India,757,355,6641,Essie Wadeling,3/14/2023,01JGGCHAF504DZQ5AXRZ5CG9JZ
Katharyn,35,4,Cotton Sarees,India,2355,160,6782,Katharyn Birtwistle,10/24/2023,01JGGCHAF8904R8X5TNKGH2J9G
Ginger,34,12,Silk Sarees,India,6496,31,3757,Ginger Quaif,3/14/2024,01JGGCHAF9F0W26ATE9B2QAB0X
Michal,65,4,Cotton Sarees,India,5659,126,9741,Michal Heinig,10/27/2023,01JGGCHAFAMAH6RX5P4JJDYY9F
Arleyne,42,3,Cotton Sarees,India,9600,399,6492,Arleyne De Robertis,9/15/2022,01JGGCHAFB9H98T54QMBPKJZPY
Elisabet,42,2,Cotton Sarees,India,9553,306,8809,Elisabet Tregent,4/14/2023,01JGGCHAFCB726AHPWEJG1VPGK
Averil,40,3,Embroidered Sarees,India,3289,373,9558,Averil Dowthwaite,12/18/2022,01JGGCHAFD5W0S9BCJZX4ZXH7P
Olympie,76,14,Handloom Sarees,India,1603,277,1514,Olympie Schleswig-Holstein,1/16/2023,01JGGCHAFEK52428A05X3AE4Y8
Tandy,30,8,Embroidered Sarees,India,9109,304,3858,Tandy Batchelour,7/21/2023,01JGGCHAFFZ3Q50FZNE2HEBW1E
Isobel,78,14,Silk Sarees,India,3290,58,3496,Isobel Leguey,7/12/2023,01JGGCHAFHDMR2FFAWGM1391WB
Mariellen,80,2,Silk Sarees,India,4163,29,5569,Mariellen Very,10/20/2024,01JGGCHAFJM137SGPZ6D2SVQ6E
Berta,70,5,Silk Sarees,India,9648,139,2378,Berta Pedersen,7/2/2024,01JGGCHAFKQ3KS2CNFV783TG9Y
Charo,77,5,Cotton Sarees,India,6101,185,9642,Charo Turvie,9/1/2024,01JGGCHAFMNDFA33W89TSMFZ9R
Mag,36,10,Handloom Sarees,India,60,144,4201,Mag Maven,10/28/2022,01JGGCHAFNX5VH648W9N0NTRMA
Patrice,73,4,Modern Sarees,India,9899,215,3209,Patrice Royans,4/25/2023,01JGGCHAFPBGQC2C8VP7N0BE0J
Roxi,33,6,Silk Sarees,India,569,137,1302,Roxi Dowsett,4/7/2023,01JGGCHAFQPVEM22WETBZ78DDX
Jo-anne,65,3,Handloom Sarees,India,4462,93,1881,Jo-anne Jandera,2/18/2023,01JGGCHAFRBDEPWP1KY46DCPQ6
Grata,57,15,Regional Specials,India,8540,184,1038,Grata Stuehmeier,8/31/2022,01JGGCHAFVMM6SC621W7JY65ZE
Jaynell,59,7,Handloom Sarees,India,2113,335,3484,Jaynell Cassey,2/28/2024,01JGGCHAFWXMNR729TJNRD66JY
Delphine,72,14,Embroidered Sarees,India,4022,290,5663,Delphine Swaffield,8/27/2023,01JGGCHAFYDA6PNK7C1CP6PTD5
Ronalda,43,5,Regional Specials,India,6620,235,1501,Ronalda Ettridge,7/26/2024,01JGGCHAFZM5D6DY42J2CP1P89
Karine,43,12,Handloom Sarees,India,4296,9,6227,Karine Syversen,7/5/2024,01JGGCHAG1YB2B89C6DPGHPYES
Gillian,58,3,Embroidered Sarees,India,7543,356,4058,Gillian Elphinstone,12/11/2022,01JGGCHAG2F4Q99GD629GYCBTN
Hermina,76,9,Cotton Sarees,India,2570,206,6203,Hermina Kundt,1/27/2024,01JGGCHAG3QGET1EA5BBXEKZNS
Robinetta,75,7,Handloom Sarees,India,5930,102,1061,Robinetta Keysel,4/11/2023,01JGGCHAG58T0KNS7Y66M412SN
Junina,49,12,Cotton Sarees,India,9037,122,4627,Junina Hegg,3/12/2024,01JGGCHAG6YH8PK61ZAEWX0HJX
Dena,59,15,Embroidered Sarees,India,5085,372,6285,Dena Howse,11/1/2024,01JGGCHAG7P8DXZR5AJZWPXRBM
Devonna,66,14,Silk Sarees,India,9620,177,3422,Devonna Roston,10/14/2024,01JGGCHAG9GW5GK4C276VVE300
Myrah,39,12,Cotton Sarees,India,7968,260,1847,Myrah Ronci,5/7/2023,01JGGCHAGABTD4SH68PDF1WS90
Chad,28,7,Regional Specials,India,656,249,279,Chad Frain,3/20/2024,01JGGCHAGBK3HJ5491XCBY9SD1
Caroljean,61,3,Handloom Sarees,India,3109,23,8880,Caroljean Lofthouse,9/9/2022,01JGGCHAGC2R6RSWXV8RK9ZMT4
Jennica,65,12,Regional Specials,India,189,284,5329,Jennica Dufour,6/22/2023,01JGGCHAGD6N16WR9YAZAH5DZC
Janeen,46,8,Silk Sarees,India,2315,5,9367,Janeen Callow,7/6/2022,01JGGCHAGE807NP5GXWEK6TP3B
Velma,75,4,Regional Specials,India,5964,160,782,Velma Firman,9/29/2023,01JGGCHAGGQK0R5XDE3A9GCHM9
Bethena,66,10,Cotton Sarees,India,9239,393,3887,Bethena Elcoat,11/13/2024,01JGGCHAGHMFSEVT2E16XDX1Z5
Melesa,40,15,Cotton Sarees,India,2107,91,8797,Melesa Broadberry,11/26/2024,01JGGCHAGH7P9KFSEFXQ7MZZ6N
Carrie,26,10,Cotton Sarees,India,964,25,6595,Carrie Moreman,3/17/2024,01JGGCHAGJG5H2N348JW95W9E4
Nicky,75,3,Handloom Sarees,India,6378,257,3620,Nicky Forty,10/15/2024,01JGGCHAGKAFZHPDYMFTST9BAM
Morgana,68,3,Regional Specials,India,8539,381,4287,Morgana Moreby,4/6/2023,01JGGCHAGMF51Z5MS58AX40S4G
Jeannie,27,14,Modern Sarees,India,7593,239,6955,Jeannie Flobert,11/6/2023,01JGGCHAGNYKZ4JQ29ZPTB57YZ
Mari,80,11,Embroidered Sarees,India,7601,246,5844,Mari McAvin,8/14/2022,01JGGCHAGQ04FQ0P0WW1HBC3HP
Avivah,42,11,Cotton Sarees,India,1870,363,852,Avivah Sams,2/28/2023,01JGGCHAGSF9D21FVWC7JA92EH
Cynde,72,7,Silk Sarees,India,757,320,63,Cynde Breache,11/20/2023,01JGGCHAGTMGSCD25YQHQ8HSYK
Elberta,54,1,Cotton Sarees,India,3157,366,1213,Elberta Gambell,12/18/2024,01JGGCHAGVR66WZNWKD35EEFA9
Crysta,50,15,Cotton Sarees,India,6359,384,93,Crysta Cars,7/1/2024,01JGGCHAGWPNAXRZYXJXDDK28M
Muffin,36,14,Handloom Sarees,India,106,86,4550,Muffin Woodsford,1/9/2023,01JGGCHAGXP90F2AG9EMZG3X4A
Arleen,72,13,Embroidered Sarees,India,5908,367,4310,Arleen Malkinson,4/1/2023,01JGGCHAGYHVCJS8T3TAC0MZBQ
Remy,58,8,Handloom Sarees,India,262,189,4539,Remy Baylis,8/27/2024,01JGGCHAGZS1EKWDVA4FCSV6W9
Joelie,54,5,Handloom Sarees,India,6121,31,7357,Joelie Ferraraccio,6/24/2024,01JGGCHAH090Q4RG5PG4XY6YV8
Britta,49,11,Cotton Sarees,India,6486,245,3732,Britta Pennick,1/21/2024,01JGGCHAH10G4NR2RB1E4N5968
Sibel,62,3,Modern Sarees,India,9280,370,2921,Sibel Yurchishin,6/13/2022,01JGGCHAH3Q0VR00T00WCS6RYH
Binny,63,8,Modern Sarees,India,2191,91,2046,Binny Giffkins,8/8/2024,01JGGCHAH462A1XEPMDDRKHYRR
Seka,37,8,Regional Specials,India,5862,82,2837,Seka Jorge,8/5/2024,01JGGCHAH538JVKVR5W2PQ6M43
Aura,53,5,Cotton Sarees,India,7907,298,8151,Aura Guidone,4/4/2023,01JGGCHAH6GQ1JHT3QETKN46YW
Nicoline,71,14,Cotton Sarees,India,5911,260,6047,Nicoline Halgarth,7/15/2023,01JGGCHAH7RQ0CF2H9F02ZV8EB
Kalindi,43,13,Cotton Sarees,India,9098,77,5732,Kalindi Leate,8/26/2023,01JGGCHAH8VWVXC84P2CJ05ED3
Virginia,52,13,Embroidered Sarees,India,3795,63,4384,Virginia Frankema,8/31/2022,01JGGCHAH906QCBK0HYA6069VH
Desirae,73,11,Modern Sarees,India,2476,237,9833,Desirae Geere,4/16/2024,01JGGCHAHAA0E7PZHD8GFM3SBX
Hedwiga,71,4,Silk Sarees,India,7543,303,5165,Hedwiga Brewett,1/9/2023,01JGGCHAHBNYB6XPR647RAAPQW
Ginevra,78,6,Embroidered Sarees,India,5149,140,2280,Ginevra Keller,7/1/2023,01JGGCHAHC5NG1M39Q4TBEYQHH
Karin,61,9,Handloom Sarees,India,4731,361,2272,Karin Barkway,7/21/2022,01JGGCHAHE8PY3NKB8DJFBAXN3
Melonie,36,12,Handloom Sarees,India,9402,268,9784,Melonie Parmer,4/5/2024,01JGGCHAHFYHW1HRT2STVAH3SK
Elysia,26,14,Regional Specials,India,2406,96,3454,Elysia Domney,11/2/2024,01JGGCHAHGAVEVHJWAVMWPMDPD
Joana,53,13,Handloom Sarees,India,5362,164,8490,Joana Dunseath,8/6/2022,01JGGCHAHHKXD62YZDXG3ZCNFS
Sandra,57,4,Regional Specials,India,5008,381,2529,Sandra Ritmeyer,9/1/2024,01JGGCHAHJYM3GJHYYZFND8TXD
Joelle,77,5,Silk Sarees,India,9723,57,3188,Joelle Twelftree,4/17/2023,01JGGCHAHMACT6EDSVMVQMG237
Astra,70,8,Regional Specials,India,3998,42,5283,Astra Dorset,5/19/2023,01JGGCHAHNSXJSYM46RWX6J1JC
Leena,72,3,Regional Specials,India,9689,79,2799,Leena Duffil,9/19/2024,01JGGCHAHPPBEY8CFK1EM4J4AZ
Trudie,25,7,Embroidered Sarees,India,9964,122,1543,Trudie Ames,12/3/2023,01JGGCHAHQGQ6WTPWRETKXZN2D
Gratia,55,7,Embroidered Sarees,India,4137,187,9992,Gratia Warrington,6/27/2023,01JGGCHAHRCMXEJ5MQNVK85F6X
Ulrica,26,8,Regional Specials,India,4451,298,2534,Ulrica Stebbins,12/12/2024,01JGGCHAHSDEFFY5DJWNZ4VHT2
Becka,76,14,Regional Specials,India,6305,228,5488,Becka Agnew,12/21/2023,01JGGCHAHTQBZGDA7ZJXEWD2PD
Aundrea,75,9,Regional Specials,India,7945,74,4019,Aundrea Dodle,2/23/2023,01JGGCHAHVYXQ3R527ENP3XNBJ
Celestia,65,14,Handloom Sarees,India,9735,294,7852,Celestia Chrestien,3/22/2023,01JGGCHAHWSC4J3EE79MT0PV0W
Karyl,53,12,Modern Sarees,India,3396,343,6166,Karyl Gorcke,5/23/2023,01JGGCHAHXKKT2QHB8QJ1P40AX
Doris,48,12,Embroidered Sarees,India,2270,76,9878,Doris Burdis,7/8/2024,01JGGCHAHYBC91TJ992N602J8A
Karly,71,7,Embroidered Sarees,India,2881,254,9423,Karly Sydall,4/13/2024,01JGGCHAHZ361E5JQNG96HKY7J
Julienne,52,11,Silk Sarees,India,8609,144,1675,Julienne Dunlap,4/28/2024,01JGGCHAJ145N0GR6BNFWFQ1AR
Krissy,21,9,Modern Sarees,India,8584,121,3956,Krissy Forshaw,6/21/2024,01JGGCHAJ29V0XPDVKM0ZWB6ZN
Monica,52,9,Cotton Sarees,India,7547,292,9848,Monica Fanshaw,6/24/2023,01JGGCHAJ3Q1T1E7KPQYYKHA01
Denys,68,5,Modern Sarees,India,6913,71,2103,Denys Petford,8/20/2024,01JGGCHAJ4MY14KX4TZN981SYR
Aindrea,36,9,Handloom Sarees,India,6495,25,6018,Aindrea Cheverton,10/18/2024,01JGGCHAJ5NHNGP4D62Y3GNA3S
Shaylah,62,2,Cotton Sarees,India,4625,195,9778,Shaylah Jaze,5/26/2024,01JGGCHAJ6VJNA9HSSSR85MJE7
Vina,47,14,Silk Sarees,India,9846,207,1700,Vina Grotty,6/23/2022,01JGGCHAJ7M5VP1PTJ7YHG2TTB
Florina,58,2,Silk Sarees,India,1987,293,3448,Florina Purslow,8/7/2023,01JGGCHAJ82T163Q03EPQ382S6
Sherline,43,2,Cotton Sarees,India,7362,229,5551,Sherline Tzar,8/30/2022,01JGGCHAJ9VN61YGYPNZ1F4W12
Luz,25,12,Handloom Sarees,India,7502,143,784,Luz Tembey,5/25/2024,01JGGCHAJAHN2ATARK87PY2BDC
Nikki,20,2,Regional Specials,India,8289,181,6142,Nikki Crunkhorn,2/14/2023,01JGGCHAJB9DA929FAQC77FRA5
Ernestine,62,8,Handloom Sarees,India,9587,267,5884,Ernestine Scotchbourouge,3/14/2023,01JGGCHAJCA8RZXCFM5V89HRZV
Ryann,70,11,Regional Specials,India,8475,139,1959,Ryann Cooksley,3/12/2024,01JGGCHAJDE0C2EB74QNXF7JBK
Alis,22,1,Modern Sarees,India,548,147,1549,Alis MacGarvey,11/24/2023,01JGGCHAJEPHV1W2ES34BQN1S9
Madeline,39,10,Handloom Sarees,India,2557,26,6023,Madeline Scholfield,3/10/2023,01JGGCHAJFC8VKXGQZVZ5R51A8
Damita,80,6,Embroidered Sarees,India,5085,392,3821,Damita Jorg,5/3/2024,01JGGCHAJG1H9GP5577D101ZFG
Delly,68,5,Modern Sarees,India,1981,160,3200,Delly Ewings,10/6/2022,01JGGCHAJH5BFQV3RBEMKVH2XW
Bonnibelle,41,4,Cotton Sarees,India,8746,353,5608,Bonnibelle Le Friec,10/31/2023,01JGGCHAJJGM6DB06BX9AM0GHQ
Regina,46,7,Silk Sarees,India,463,68,9116,Regina Lettley,10/23/2022,01JGGCHAJKDJEFW4W5Q2GS6E2K
Delcine,62,6,Modern Sarees,India,5736,1,921,Delcine Boatman,6/13/2022,01JGGCHAJMNG2NGD2YE9F5Z046
Christine,49,11,Cotton Sarees,India,2291,282,9393,Christine Ritzman,9/19/2024,01JGGCHAJN0FGWCAN7GR9MBF55
Betsey,59,7,Regional Specials,India,8223,187,1477,Betsey Shury,2/7/2023,01JGGCHAJPRYJ7KMT3NAWJC5R2
Mandy,20,2,Silk Sarees,India,2987,261,6515,Mandy Gookey,6/20/2022,01JGGCHAK3QX922GMDP1SG34A9
Roobbie,68,7,Modern Sarees,India,9842,210,9308,Roobbie Orlton,12/17/2022,01JGGCHAK5QFQ9HX5BQ9ZMNFYC
Norrie,35,15,Regional Specials,India,2702,44,287,Norrie Miles,10/14/2022,01JGGCHAK672KN353BAHB2EJRC
Aloisia,61,4,Embroidered Sarees,India,7100,389,6812,Aloisia Mooney,10/7/2024,01JGGCHAK7GW6P9FTE8D08RNM5
Ettie,67,14,Handloom Sarees,India,2805,293,3994,Ettie Pakenham,1/21/2023,01JGGCHAK87PKP6JV2MR8Z4E3G
Juanita,79,8,Cotton Sarees,India,1859,142,420,Juanita Treasure,10/12/2024,01JGGCHAK98YM6AK4FHP2YRY0M
Gabriella,68,10,Cotton Sarees,India,9458,241,7234,Gabriella Lamonby,8/16/2023,01JGGCHAKB1E3KB9N0YRSBG82Q
Dalila,39,4,Regional Specials,India,7869,45,6731,Dalila Bartkiewicz,9/22/2023,01JGGCHAKCSQ1SJF25EBAT857S
Mellisa,75,3,Regional Specials,India,1200,119,1112,Mellisa Greiser,9/13/2024,01JGGCHAKDXKWP2TYE4FCDTE9N
Shirl,69,2,Regional Specials,India,2229,25,3418,Shirl Garton,3/28/2023,01JGGCHAKE2FQ2SSVF6T3R8YMR
Remy,21,4,Silk Sarees,India,2649,301,2572,Remy Bloor,11/14/2023,01JGGCHAKF9SZVZAVYPDB7MDQS
Nara,28,5,Embroidered Sarees,India,697,184,7808,Nara Rudsdale,9/5/2024,01JGGCHAKG6NN1B3M66K2HF1XT
Kelly,20,4,Embroidered Sarees,India,2529,327,976,Kelly Olohan,1/23/2023,01JGGCHAKHT796ET452T8VR8JQ
Sammy,35,10,Embroidered Sarees,India,1195,298,4284,Sammy Jandera,2/22/2023,01JGGCHAKJJ0ST6XRRJ1MBNHEJ
Yolanda,70,4,Regional Specials,India,7350,121,5051,Yolanda Stealey,8/19/2022,01JGGCHAKK6NST718V9VCDBDF0
Leonelle,56,6,Silk Sarees,India,9337,239,5411,Leonelle Gilpin,7/22/2024,01JGGCHAKMVC2HY15MS83G6RV2
Aubree,46,7,Cotton Sarees,India,7073,344,5436,Aubree Keenan,12/24/2024,01JGGCHAKNG60QPWRSSTEQY3PC
Constantia,68,12,Handloom Sarees,India,8827,171,8053,Constantia Grieg,9/15/2023,01JGGCHAKPR2316YPJEDJDQX2V
Merrilee,58,6,Modern Sarees,India,1459,160,2493,Merrilee Baress,11/16/2022,01JGGCHAKQ4ANS823CPJ6S9VX6
Adriena,75,9,Handloom Sarees,India,381,107,7310,Adriena Luxen,1/29/2024,01JGGCHAKRB7NK0X7NTGP09TE9
Hermina,64,4,Silk Sarees,India,6710,122,4631,Hermina Fidler,11/15/2024,01JGGCHAKSAHVVS8DPQEW6E3YX
Margarete,34,9,Embroidered Sarees,India,3748,38,3110,Margarete Tilmouth,3/2/2023,01JGGCHAKT6GAGESJ7Y8Z8D8KV
Dreddy,78,2,Handloom Sarees,India,2121,8,3814,Dreddy Trembath,6/23/2022,01JGGCHAKVE7S5A3Q8GE66MDSZ
Nolana,49,6,Cotton Sarees,India,6696,374,3830,Nolana Probetts,2/15/2023,01JGGCHAKWRDP8T4DPKCDS763F
Tildie,42,5,Modern Sarees,India,7087,269,8174,Tildie Lawtie,5/12/2024,01JGGCHAKXYS0VHKRZTWCBKS0F
Rona,51,3,Modern Sarees,India,8865,150,2694,Rona Liptrot,1/22/2024,01JGGCHAKY4DJCMV9H14NQX9V4
Germana,62,4,Cotton Sarees,India,6255,297,6434,Germana Barrington,7/7/2024,01JGGCHAKZ9HVHN7CSXFAY06JN
Alvinia,74,11,Modern Sarees,India,989,365,8335,Alvinia Keedy,6/20/2024,01JGGCHAMAA0TGPS0AD85ESNB8
Trixy,29,2,Silk Sarees,India,3326,365,5293,Trixy Dinley,4/30/2024,01JGGCHAMBX8SCBJNBF1MCX0D5
Veronica,27,5,Silk Sarees,India,72,108,3547,Veronica Zohrer,9/8/2022,01JGGCHAMCHWGVP479X5WW57QY
Codi,72,4,Handloom Sarees,India,4475,343,7430,Codi Tench,2/3/2023,01JGGCHAMDF3A2QKN40FCSBS8A
Lizette,77,11,Handloom Sarees,India,5269,358,5785,Lizette Sambells,5/17/2024,01JGGCHAMESMYCXKJBSARQMS06
Franky,78,7,Regional Specials,India,5886,211,5454,Franky Maggi,6/29/2024,01JGGCHAMF8RQZ6VS00HN3GN9D
Rayna,47,10,Handloom Sarees,India,6091,80,4218,Rayna Couldwell,4/13/2024,01JGGCHAMG18W66X9ABVJW2V3X
Erica,25,4,Silk Sarees,India,8001,325,2707,Erica Pegg,7/5/2023,01JGGCHAMJEDJC6S4NYH2BFP6T
Elva,37,13,Cotton Sarees,India,976,24,7038,Elva Scarbarrow,8/29/2022,01JGGCHAMK9BGVNRS7GS0DG63E
Tabina,32,4,Embroidered Sarees,India,4072,82,4086,Tabina McGibbon,2/3/2023,01JGGCHAMM9M28QJ1EMKETKSJY
Charmain,38,2,Silk Sarees,India,6107,119,7394,Charmain Gilbertson,4/27/2024,01JGGCHAMNRTJYRGCNN64G47XZ
Larissa,41,9,Modern Sarees,India,4139,160,2617,Larissa Courtenay,5/11/2023,01JGGCHAMP5CQ4QZSE21B81NR5
Charleen,36,1,Regional Specials,India,7621,302,4518,Charleen Pinkerton,11/19/2022,01JGGCHAMQJBTQVRZTE8BW2GAK
Adrianne,78,15,Silk Sarees,India,8106,188,8023,Adrianne McTurk,7/8/2024,01JGGCHAMSXTZ3044DZ8KYHFH3
Gerry,68,15,Modern Sarees,India,1881,182,8210,Gerry Castellucci,4/1/2024,01JGGCHAMT8WZC393Y0VYJBB3P
Blanca,29,8,Embroidered Sarees,India,5351,2,6420,Blanca Meysham,9/23/2023,01JGGCHAMVJJQ781NYEYGVESB1
Mariska,56,6,Cotton Sarees,India,7084,384,556,Mariska Barbara,9/27/2023,01JGGCHAMW2F5NC6Y9ET60GDVC
Gretel,48,6,Silk Sarees,India,171,75,748,Gretel Mackin,6/13/2022,01JGGCHAMXGKZGMAZQWCSBZBS8
Aubrie,36,7,Regional Specials,India,4647,379,9782,Aubrie Dowtry,6/27/2023,01JGGCHAMYVMSB4569DNXV4WE2
Katerine,44,14,Embroidered Sarees,India,153,50,9439,Katerine Digges,3/22/2023,01JGGCHAMZ49CJ0M84T849GRZ7
Florry,54,5,Embroidered Sarees,India,5466,331,5898,Florry Morgans,7/10/2024,01JGGCHAN0MYS5MKKFYJ247GJ2
Dionis,38,12,Embroidered Sarees,India,1464,359,7843,Dionis Brigstock,10/17/2023,01JGGCHAN18YNT5VJKANKAX9TT
Lauren,28,4,Silk Sarees,India,9644,267,9567,Lauren Grabb,7/30/2023,01JGGCHAN2M6QBHXQN3GBDMMMZ
Carlyn,34,8,Cotton Sarees,India,4251,27,8358,Carlyn Braxton,6/18/2023,01JGGCHAN3M2F3SMWQ9EGM63GA
Georgianne,69,15,Modern Sarees,India,6417,374,6519,Georgianne Frontczak,3/25/2024,01JGGCHAN4DASPQAHWAB3FYPRP
Bab,62,4,Handloom Sarees,India,158,351,1118,Bab Cottis,3/15/2024,01JGGCHAN5A40NJ1RB2K1HD7S1
Mala,58,12,Regional Specials,India,3499,105,7720,Mala Chat,6/23/2024,01JGGCHAN67GZXASTC4GGBCD6M
Kimmi,67,1,Regional Specials,India,1214,322,2262,Kimmi Skypp,3/20/2024,01JGGCHAN79D82W2K62GG0EEE0
Brigit,37,8,Silk Sarees,India,3883,206,6852,Brigit Scutts,12/20/2023,01JGGCHAN88YMAK5H0FGCGNM71
Nance,20,8,Embroidered Sarees,India,5915,5,6721,Nance Loughrey,12/22/2023,01JGGCHAN926H9800XTV7STGQR
Viviyan,29,3,Embroidered Sarees,India,6114,227,7548,Viviyan Sewall,11/15/2024,01JGGCHANAKV3C3GPGRHBDWFR7
Polly,39,12,Cotton Sarees,India,1773,258,3689,Polly Guppey,10/31/2023,01JGGCHANBHMND58HH5ESRZR8B
Deirdre,47,5,Regional Specials,India,9221,19,9721,Deirdre Wilmington,11/20/2022,01JGGCHANCKJ60QZM0SV1R8PDZ
Sisile,43,11,Cotton Sarees,India,7115,287,8875,Sisile Zottoli,8/14/2022,01JGGCHANDPTX50F8JFQ38C7NX
Coleen,21,7,Regional Specials,India,920,318,5966,Coleen Knaggs,7/14/2023,01JGGCHANEHB18TWYGB3YRE1X8
Jannel,69,6,Modern Sarees,India,9694,117,6356,Jannel Behagg,9/9/2022,01JGGCHANF0MRHBTQJX29MBNQ0
Roxana,40,7,Handloom Sarees,India,8022,290,9160,Roxana Reveland,8/21/2022,01JGGCHANGYGQ72Q5HPVQZZCFK
Bernardine,38,12,Embroidered Sarees,India,5447,63,3511,Bernardine Cuberley,9/2/2022,01JGGCHANHM2N4ZM1MDS0HNHK2
Karoly,74,2,Silk Sarees,India,6404,189,6101,Karoly Burland,11/17/2022,01JGGCHANKHDB91GNMKG3TFCMS
Clio,79,13,Silk Sarees,India,3942,196,6497,Clio Pydcock,11/17/2024,01JGGCHANM4C21J0J903MXFH1R
Emmye,67,8,Regional Specials,India,6276,280,2890,Emmye Normand,4/27/2023,01JGGCHANNWFQYF2PXQ8NG09FX
Imogen,59,7,Regional Specials,India,7147,220,2448,Imogen Sawrey,3/16/2023,01JGGCHANPQSJJM7ZWC2W8MBJM
Ortensia,55,9,Handloom Sarees,India,2304,117,9389,Ortensia Doniso,2/8/2023,01JGGCHANQG834J9BYZ2MAVDHW
Cherrita,36,13,Modern Sarees,India,5044,283,3884,Cherrita Salmond,9/15/2024,01JGGCHANRB2QWNBD1PWETQ3JA
Maurise,42,15,Silk Sarees,India,3574,340,2981,Maurise Sancraft,2/25/2024,01JGGCHANS2W13J2E1AVBXRYWZ
Beth,76,4,Modern Sarees,India,9002,195,2452,Beth Costley,12/12/2024,01JGGCHANTDKD043JM3V9GQBQV
Joscelin,67,10,Cotton Sarees,India,2490,18,4074,Joscelin Sussems,12/24/2023,01JGGCHANV8AZCQRT23Q3YWBA4
Janessa,56,7,Cotton Sarees,India,7936,340,6538,Janessa Beeson,1/5/2023,01JGGCHANX17NR64TD9SXR1GN3
Anabal,79,2,Regional Specials,India,2741,101,2128,Anabal MacSkeaghan,5/19/2024,01JGGCHANYVQ313F5664QZB0Y2
Alia,36,2,Handloom Sarees,India,4093,189,2527,Alia Zanettini,10/18/2023,01JGGCHANZ9HH0WZ3BH2TKCSRK
Bernadene,50,15,Cotton Sarees,India,1298,285,1856,Bernadene Blooman,12/15/2024,01JGGCHAP07BTYR0WA9N6WKSGZ
Eilis,36,8,Silk Sarees,India,4349,318,7171,Eilis Van Son,1/9/2024,01JGGCHAP2TXFNYRM9F5N7MRXV
Fiann,77,15,Handloom Sarees,India,3169,214,9524,Fiann Gian,6/11/2022,01JGGCHAP39MX1YC41HR65N6KF
Ardelis,67,2,Regional Specials,India,7453,72,2174,Ardelis Hyett,12/2/2024,01JGGCHAP4WXEW24CAXM2WTR6A
Madelaine,29,8,Modern Sarees,India,3484,65,1757,Madelaine Dudill,6/13/2023,01JGGCHAP52D1YNAV11AXP1RC4
Florinda,60,14,Cotton Sarees,India,5949,364,5398,Florinda Desporte,6/16/2022,01JGGCHAP6DZDSENWEXJQ5TJ1G
Kylynn,67,3,Embroidered Sarees,India,1458,356,9631,Kylynn Falk,7/23/2023,01JGGCHAP75CQ49DV6M3717ESJ
Luise,42,7,Modern Sarees,India,7207,111,9001,Luise Staley,1/10/2023,01JGGCHAP9ZTKJT1HWXT7RTXJ1
Arlie,74,13,Cotton Sarees,India,4085,50,6023,Arlie Baskwell,8/19/2023,01JGGCHAPAHX8Y1KVGCSD83XRY
Aimil,73,12,Regional Specials,India,7771,259,1103,Aimil Tipperton,6/14/2023,01JGGCHAPBKKT3DG0NJ7A1Y29P
Loleta,34,8,Embroidered Sarees,India,9461,133,2447,Loleta Hawley,7/1/2022,01JGGCHAPDFSDH4Y53C28MNBBG
Benni,65,5,Modern Sarees,India,882,68,1348,Benni Ewdale,4/20/2023,01JGGCHAPEVE1RV9E0WM9Y3PH3
Estrellita,48,8,Regional Specials,India,4153,334,4488,Estrellita Ayerst,5/16/2023,01JGGCHAPF8BJXSAGMEPYQA8NJ
Alis,57,6,Embroidered Sarees,India,1664,47,4624,Alis Sprouls,7/28/2022,01JGGCHAPJMDSQHS014SBM9AK9
Gena,39,13,Handloom Sarees,India,7237,392,3283,Gena Hartshorn,6/15/2024,01JGGCHAPNYZCBQWN0BPGQZ9YR
Valeda,68,7,Silk Sarees,India,2570,210,4159,Valeda Spens,4/17/2024,01JGGCHAPRNJ7G32NSCX21ANDW
Glynnis,30,12,Cotton Sarees,India,8277,319,2250,Glynnis Middle,8/9/2024,01JGGCHAPVCQ98HGX4GR8VBJJ0
Eleanor,21,3,Silk Sarees,India,438,32,1995,Eleanor Janczak,4/10/2024,01JGGCHAPWWTS2K3400ZDZE0FW
Marjory,30,11,Silk Sarees,India,445,76,239,Marjory Rentz,11/14/2024,01JGGCHAPXY6TD8FW5NMWXV7DT
Jewelle,23,10,Handloom Sarees,India,2745,222,6978,Jewelle Staker,9/21/2022,01JGGCHAPY80GE3SXM2VTSZPCE
Teddie,37,7,Modern Sarees,India,7407,34,508,Teddie Durn,1/10/2024,01JGGCHAPZ68CWPJWH5MHVVNJ4
Mable,56,9,Embroidered Sarees,India,3263,285,9273,Mable Absolon,11/13/2022,01JGGCHAQ00RKN3T3X34WY92XW
Angelita,45,14,Regional Specials,India,2803,216,621,Angelita Hutfield,12/20/2024,01JGGCHAQ26MT75DHQRZSR5038
Claire,78,3,Embroidered Sarees,India,4180,241,1286,Claire Hasson,5/14/2024,01JGGCHAQ3GSK05Z3ZJCF587DA
Martynne,79,13,Silk Sarees,India,8716,208,5937,Martynne Bowbrick,4/25/2024,01JGGCHAQ4M2JCE66C07AR6VNJ
Loreen,70,1,Handloom Sarees,India,5555,188,4837,Loreen Kemish,12/1/2023,01JGGCHAQ5ECRD7M9FFJVPAJH0
Briney,38,7,Embroidered Sarees,India,3745,251,2602,Briney Beddie,2/14/2024,01JGGCHAQ620QXGPE6QYDKRCPT
Loreen,40,12,Cotton Sarees,India,6329,333,7270,Loreen Gwyther,12/22/2022,01JGGCHAQ70RYJQPW37EK4JB5S
Inge,57,13,Modern Sarees,India,2617,248,2607,Inge Digman,10/2/2023,01JGGCHAQ90NGRQR0WST02JYXQ
Marina,47,2,Silk Sarees,India,7193,47,4632,Marina Upson,7/13/2022,01JGGCHAQAZX1AC5G1G3ETRQ27
Gabriel,46,10,Silk Sarees,India,3368,49,7682,Gabriel Aglione,11/22/2023,01JGGCHAQBSFV7KWVYZ3GQ93JY
Maris,80,14,Handloom Sarees,India,3559,171,7642,Maris Curedale,6/29/2023,01JGGCHAQCFZ4CA0FV95YCC8AN
Amii,26,5,Handloom Sarees,India,1602,106,6550,Amii Simmans,8/13/2023,01JGGCHAQD9PK8SKWY3KT759RY
Layney,44,12,Handloom Sarees,India,6647,358,7793,Layney Frudd,5/7/2024,01JGGCHAQE283JTS4YVCJKTVHW
Joellen,67,12,Embroidered Sarees,India,6929,334,7935,Joellen Haggus,10/23/2024,01JGGCHAQF42KAABRSN4ERC4TP
Chickie,65,9,Regional Specials,India,3808,197,7573,Chickie Franies,5/10/2024,01JGGCHAQGPC19DJEHWT0J66RD
Sibyl,77,15,Embroidered Sarees,India,5374,314,8330,Sibyl Feares,2/21/2024,01JGGCHAQJ3Z7JK3M8YQ5E5Y92
Felicle,69,3,Embroidered Sarees,India,7215,234,9633,Felicle Baldazzi,11/12/2022,01JGGCHAQKY6995067TVJMPAN9
Fannie,50,13,Regional Specials,India,9137,167,3140,Fannie Lawey,12/29/2024,01JGGCHAQMDKV9SV4JZ3PSNY6D
Eddi,36,14,Regional Specials,India,1865,143,3569,Eddi Swigger,2/1/2023,01JGGCHAQNQBQV8NQG27G65K4Z
Carilyn,78,3,Silk Sarees,India,9215,333,9826,Carilyn Hulbert,2/17/2023,01JGGCHAQPH4P3XAEMBYWYCTT2
Catherina,75,2,Handloom Sarees,India,8741,77,8766,Catherina McColm,6/17/2024,01JGGCHAQQS8HD9G7XMXCKRGAR
Andie,47,14,Regional Specials,India,1911,265,790,Andie Fluit,12/2/2024,01JGGCHAQR3594T1TRQNPVJNW4
Marrilee,51,12,Cotton Sarees,India,5194,219,6614,Marrilee Thunders,4/17/2024,01JGGCHAQSBG9NYB7WSNA03NC2
Garnet,31,1,Modern Sarees,India,2863,50,6054,Garnet Kindall,8/21/2022,01JGGCHAQTZ0VS7KFG44APX2TQ
Glori,40,7,Modern Sarees,India,9911,106,3924,Glori Ambrois,5/7/2024,01JGGCHAQV8R0A0R3RXP5FV876
Alvira,64,15,Cotton Sarees,India,8845,306,3048,Alvira McMullen,4/8/2023,01JGGCHAQWMY938BFBVM367A6Q
Donielle,48,15,Regional Specials,India,8656,333,4379,Donielle Corringham,4/17/2023,01JGGCHAQYNWAH3SGM4BJCWTH0
Shayna,36,10,Cotton Sarees,India,5566,323,5733,Shayna Reynoldson,12/15/2024,01JGGCHAQZ47YZ9MNM5BQT88B7
Amalea,38,2,Embroidered Sarees,India,7205,81,6766,Amalea Lucia,12/9/2023,01JGGCHAR0W8M4KWX97NF5TQFE
Mirabel,51,13,Cotton Sarees,India,1637,287,754,Mirabel Learmont,7/17/2022,01JGGCHAR1F1JYEVKBQHVFY607
Risa,48,14,Regional Specials,India,3026,161,8664,Risa Duddle,6/30/2022,01JGGCHAR2Q46GDQA173K47AEF
Brianne,44,6,Embroidered Sarees,India,9472,239,8057,Brianne McCoveney,9/7/2022,01JGGCHAR3WKJ0S57X3V33VF6E
Yolande,42,13,Regional Specials,India,4683,181,8632,Yolande Claricoates,12/27/2024,01JGGCHAR46ACR7B580P42D13G
Christye,23,10,Embroidered Sarees,India,2958,383,3462,Christye Blakeston,3/25/2024,01JGGCHAR5E66T9SNFG218YDQ2
Henrieta,72,8,Embroidered Sarees,India,505,111,8829,Henrieta Allender,11/3/2022,01JGGCHAR60TFT7Q9ESK0BMSRJ
Desiri,67,2,Modern Sarees,India,7615,225,4810,Desiri Nestoruk,5/11/2023,01JGGCHAR7VFCTB7P064CCX4NS
Con,26,12,Silk Sarees,India,2418,259,2838,Con Berntssen,6/29/2024,01JGGCHAR8B6WYTMWTY6TYCM9G
Lesli,61,12,Regional Specials,India,3008,331,6102,Lesli Schreurs,9/5/2022,01JGGCHARACDF8CM6NQ31JF2C4
Cicely,61,13,Cotton Sarees,India,5280,34,7475,Cicely Brikner,10/28/2024,01JGGCHARAG20Q988DHDX02STN
Anna-maria,77,14,Cotton Sarees,India,960,65,6635,Anna-maria Sowood,6/1/2024,01JGGCHARCMGVM3QKHX0F34FHM
Reggi,73,14,Cotton Sarees,India,9332,354,2958,Reggi Omrod,6/17/2023,01JGGCHARD28Z2HB99VRA34PSN
Cthrine,76,13,Handloom Sarees,India,3261,126,8253,Cthrine Sawley,6/1/2023,01JGGCHAREXG7KRA6X20JNPDBR
Jobina,70,14,Cotton Sarees,India,8214,325,860,Jobina Gawkes,5/2/2024,01JGGCHARFZ2NNW809DFVCK0HA
Carmina,39,5,Handloom Sarees,India,4287,135,9720,Carmina Clemow,4/25/2023,01JGGCHARG4VKVBC5T58MCXXG3
Beckie,61,15,Handloom Sarees,India,289,1,783,Beckie Gilhoolie,1/30/2024,01JGGCHARHPVW770ZJ3EY1K49R
Lenette,44,3,Handloom Sarees,India,1947,227,4709,Lenette Pridden,7/14/2022,01JGGCHARJNERN29MQ3456C3BY
Cosetta,34,9,Handloom Sarees,India,4589,170,125,Cosetta Meriguet,6/18/2023,01JGGCHARKXNBGMSH9E8VPDT5T
Valencia,35,9,Cotton Sarees,India,8373,364,2934,Valencia Fitzharris,10/30/2023,01JGGCHARM8333X6J2B7VQRHRT
Gaby,49,1,Modern Sarees,India,745,82,7702,Gaby Linzey,3/25/2024,01JGGCHARN8WT85C6R6H2D6ATV
Josefina,70,8,Cotton Sarees,India,2283,352,4854,Josefina Holsall,9/25/2022,01JGGCHARPQW6P855XC5TARDPV
Astrix,32,8,Silk Sarees,India,5780,141,192,Astrix Pitkeathly,1/30/2024,01JGGCHARQT0F9SD92S3EJHYBE
Magda,21,6,Silk Sarees,India,8483,204,7788,Magda Hawkeridge,4/27/2024,01JGGCHARRK671VTCFZPW19V4T
Jaquenetta,57,15,Modern Sarees,India,8572,322,3324,Jaquenetta Treleven,5/12/2023,01JGGCHARSK5RES8RCV81JW4MV
Annmaria,47,1,Silk Sarees,India,2115,92,6491,Annmaria Handslip,11/26/2022,01JGGCHARTQSRNBA0WMEJTNH1Y
Peggie,80,14,Silk Sarees,India,7909,264,8860,Peggie Brandoni,3/26/2024,01JGGCHARVKN2PVR605GVFDY52
Carine,79,9,Embroidered Sarees,India,5645,160,382,Carine Matejic,8/18/2023,01JGGCHARWJEN6ZFEW7Y069CRD
Raquela,26,5,Modern Sarees,India,9718,229,2965,Raquela Dripps,5/8/2024,01JGGCHARYS2PSBZSVZDWWGR5K
Nissie,50,4,Cotton Sarees,India,8607,199,8351,Nissie Tukely,11/11/2022,01JGGCHARZMT22DJ3QCXC2VAS0
Rivy,27,8,Embroidered Sarees,India,7998,54,1804,Rivy Olliar,6/12/2023,01JGGCHAS0JMJC0KSTR86GP1TW
Min,59,11,Regional Specials,India,9615,236,4494,Min Loch,2/21/2023,01JGGCHAS197QM5JX5BAE6HKQA
Demeter,67,7,Embroidered Sarees,India,2201,217,3126,Demeter Cookes,8/18/2024,01JGGCHAS2FYGN25N64RHYQB2D
Geri,38,11,Silk Sarees,India,7439,321,5657,Geri Stern,10/31/2024,01JGGCHAS3H9SK4GKCX88J6882
Carie,76,6,Handloom Sarees,India,1775,193,184,Carie Clelle,12/17/2023,01JGGCHAS4EA9E5JP5JZHA3JMN
Kelli,77,12,Embroidered Sarees,India,9057,262,2765,Kelli Brunel,8/11/2023,01JGGCHAS6T5CS9X3W4ZZSB4VN
Lilli,49,2,Regional Specials,India,1138,79,3560,Lilli Garlant,11/7/2024,01JGGCHAS8R32SFY0WBHK5XKR7
Elmira,76,4,Modern Sarees,India,165,259,2007,Elmira Enever,12/13/2023,01JGGCHAS95P09EZT30P1E6CGX
Kai,75,4,Embroidered Sarees,India,8776,108,1385,Kai Mitchard,1/2/2023,01JGGCHASBA2M4SW6E5PJD0KW7
Jennifer,58,14,Modern Sarees,India,885,75,2844,Jennifer Heynen,7/10/2023,01JGGCHASE5FAGK20JDF5T02DY
Keslie,62,2,Handloom Sarees,India,5075,198,5027,Keslie Cunradi,3/23/2024,01JGGCHASGS7XH7ZP13JE5DF3S
Lurlene,44,6,Regional Specials,India,1819,14,2068,Lurlene Kitley,9/22/2022,01JGGCHASK61T0FCE7B56MBM1B
Darleen,22,1,Modern Sarees,India,8344,295,6997,Darleen Mines,2/24/2023,01JGGCHASP0YDFWZ1MWC7HW5CA
Joanna,29,8,Handloom Sarees,India,3232,153,6115,Joanna Dalliston,6/20/2023,01JGGCHASS4AQBM9C433PBQS3E
Calley,27,3,Modern Sarees,India,165,359,9245,Calley MacKereth,10/9/2022,01JGGCHAST4N1BB552H7103JT9
Cynthie,71,5,Embroidered Sarees,India,3114,88,6856,Cynthie MacLaverty,2/2/2024,01JGGCHASWD956NHVGG9FAK7WY
Nanci,27,4,Embroidered Sarees,India,7790,158,6155,Nanci Ghest,8/7/2022,01JGGCHASXT86SAG5G3Z6PTHE7
Codi,28,15,Regional Specials,India,4334,21,312,Codi Whines,9/20/2024,01JGGCHASYW3BN48YQ0T4XS1WX
Fred,38,9,Silk Sarees,India,1975,29,3713,Fred Kemell,11/1/2022,01JGGCHASZZRGFMAV97KRT6P5B
Cyndie,20,3,Handloom Sarees,India,4226,366,3295,Cyndie Tomsu,6/23/2023,01JGGCHAT1MRBDFDMRAZ5H3R55
Henryetta,23,1,Cotton Sarees,India,9256,88,2592,Henryetta Griston,6/29/2023,01JGGCHAT2SQC0C8749XVTVD7Y
Fanchette,74,5,Modern Sarees,India,9732,331,8143,Fanchette Saltsberg,9/20/2023,01JGGCHAT5PRBWAB68TZR7R3SW
Brier,51,5,Silk Sarees,India,5296,25,5382,Brier Petrillo,8/9/2023,01JGGCHAT69TGEXYV8YJB2BZ13
Cissy,80,13,Handloom Sarees,India,3509,116,552,Cissy Willes,12/10/2024,01JGGCHAT9N3QT6CC5NWDXYXCT
Roxana,79,11,Embroidered Sarees,India,3313,235,6746,Roxana Melbury,11/18/2022,01JGGCHATB3V0A7482X6XWTRN3
Ottilie,37,8,Silk Sarees,India,9047,117,3519,Ottilie Heilds,8/3/2022,01JGGCHATCTFTER716X0VBT330
Silvia,56,8,Modern Sarees,India,5096,5,4064,Silvia Lancetter,6/15/2022,01JGGCHATFRD0M1G6SRYK23DKJ
Kynthia,62,15,Modern Sarees,India,735,90,7540,Kynthia Reisin,8/3/2023,01JGGCHATH5E6PZH3NYXGVFGP5
Dorolisa,37,5,Handloom Sarees,India,2129,233,4576,Dorolisa Macey,4/25/2023,01JGGCHATJXRMYD4ZFAKB4NDD6
Reba,28,2,Modern Sarees,India,6471,11,1631,Reba Marioneau,6/18/2023,01JGGCHATKP8ESBYKK57T6QXBT
Marilyn,77,9,Modern Sarees,India,8608,177,9400,Marilyn Whelband,3/27/2023,01JGGCHATMKKE27EDWB7W3C35S
Judy,24,3,Silk Sarees,India,7497,33,9582,Judy Follit,2/17/2023,01JGGCHATP25S8K1417W03TAWR
Lani,42,9,Handloom Sarees,India,8745,274,7777,Lani Mahaddie,9/28/2024,01JGGCHATQYPKWCHYHZR5831NC
Shirleen,56,2,Modern Sarees,India,2372,214,4200,Shirleen Haldane,3/19/2023,01JGGCHATRXAVPS1XFQ15AV6V3
Berny,33,4,Handloom Sarees,India,436,280,195,Berny Urian,2/19/2024,01JGGCHATT4PEFC2S7KFN929T5
Anabella,43,11,Regional Specials,India,7433,102,8520,Anabella Rocca,9/14/2022,01JGGCHATV0ZA15G08CYP1R0ME
Tiphany,73,15,Cotton Sarees,India,4321,276,8825,Tiphany Mirrlees,7/15/2024,01JGGCHATWREA00E9ZB579H4YR
Rosalyn,37,7,Silk Sarees,India,7855,237,6056,Rosalyn Puvia,9/26/2022,01JGGCHATYNABH6F9WQCKVB19Q
Harriot,54,13,Modern Sarees,India,8538,315,9494,Harriot Levinge,6/8/2024,01JGGCHATZ5AE8B4T5YJK2BZVY
Trina,30,1,Embroidered Sarees,India,2699,60,3023,Trina Braitling,3/5/2024,01JGGCHAV02KB2VX6H42F69CDR
Jannelle,55,1,Handloom Sarees,India,6357,371,3876,Jannelle Kiljan,7/21/2023,01JGGCHAV3G2N9CAQKKCG0DFYS
Cinderella,49,14,Silk Sarees,India,6829,279,1981,Cinderella Croasdale,9/11/2023,01JGGCHAV5A6RWGRMJ5A136T0R
Rochell,38,6,Embroidered Sarees,India,9358,330,5161,Rochell Dwerryhouse,2/19/2023,01JGGCHAV67F8EKJ1BDT8F1FX3
Tandi,21,5,Regional Specials,India,8818,56,7028,Tandi Osborne,6/25/2024,01JGGCHAV73XZNM9X6A9NXPTZR
Pauli,38,15,Silk Sarees,India,9154,176,9520,Pauli Tremmil,1/17/2024,01JGGCHAV97SPKP5GKGR49DETT
Harriett,76,8,Regional Specials,India,2085,353,3050,Harriett Castelluzzi,6/16/2024,01JGGCHAVAZW2ZM3ATW90WGG14
Vally,60,9,Embroidered Sarees,India,2306,159,5170,Vally Job,6/10/2024,01JGGCHAVBXDVZ2T9ABGRQVX61
Adoree,36,15,Handloom Sarees,India,3415,77,6079,Adoree Nend,7/1/2022,01JGGCHAVCVEE0YGFPXPJXTN29
Lenette,43,10,Modern Sarees,India,2108,96,4878,Lenette Tomblings,12/19/2024,01JGGCHAVDBBY3W6R26HMF6PEX
Stepha,61,8,Silk Sarees,India,8043,163,755,Stepha Heims,10/23/2023,01JGGCHAVET01YXHVBBAXGXE9X
Lucille,29,1,Modern Sarees,India,7618,91,4854,Lucille Duggen,8/9/2022,01JGGCHAVFPMR4EW18C6XVMWEQ
Kimmi,28,3,Embroidered Sarees,India,8848,387,8114,Kimmi Dreier,10/7/2024,01JGGCHAVHCPBKGGJ4ZQX0C95Q
Aimil,35,4,Cotton Sarees,India,2475,2,5821,Aimil Tilston,2/18/2024,01JGGCHAVK2RCSWMEJJYSRKWF9
Krystle,40,8,Regional Specials,India,1021,370,2704,Krystle Jerger,6/12/2023,01JGGCHAVNH3YHZ26PJWJHB5C9
Florinda,41,6,Handloom Sarees,India,7149,42,2283,Florinda Popple,1/27/2024,01JGGCHAVQC2YAXAS4N7Y4458Y
Clarey,79,11,Cotton Sarees,India,4866,397,5141,Clarey Walwood,1/17/2023,01JGGCHAVRNH8SDZ7SCE0ZRHBP
Belvia,25,11,Handloom Sarees,India,8938,72,4115,Belvia Jorge,4/2/2023,01JGGCHAVSVZZA6V6VGV1ETP3B
Kandace,23,1,Embroidered Sarees,India,621,160,4228,Kandace Stanyer,12/6/2024,01JGGCHAVVD2MS0NMF1EZG6A0N
Annalee,53,1,Silk Sarees,India,5306,198,9178,Annalee Goodboddy,10/23/2023,01JGGCHAVWSM6DR491YJPS1Q1R
Ryann,62,14,Embroidered Sarees,India,1696,394,6589,Ryann Siderfin,12/10/2024,01JGGCHAVXQQ0ZHK7TRR54M4RA
Blaire,28,15,Regional Specials,India,7786,179,5259,Blaire Deery,2/5/2023,01JGGCHAVYH7KN6Y0VEA45HMQT
Jeannie,41,6,Silk Sarees,India,9007,112,8239,Jeannie Bussens,1/1/2024,01JGGCHAVZ27BMDYYR240FH268
Merrili,32,8,Regional Specials,India,6664,103,6274,Merrili Windrus,12/17/2024,01JGGCHAW0SK2S46VGMBKHMFWB
Phillida,74,8,Embroidered Sarees,India,1881,99,1829,Phillida Gallehock,7/13/2023,01JGGCHAW18VMQW5VDV0FFGWMZ
Dre,57,8,Handloom Sarees,India,3011,89,6412,Dre Sammon,12/1/2023,01JGGCHAW2EZA4J4T7YF0VZ4WZ
Aundrea,37,9,Cotton Sarees,India,89,259,227,Aundrea Gossington,10/22/2024,01JGGCHAW46M2SYH3MCVWNK39M
Jorrie,48,2,Modern Sarees,India,6812,221,8652,Jorrie Fenck,5/3/2024,01JGGCHAW54T7FM951GWY836EV
Vernice,28,11,Regional Specials,India,213,204,6834,Vernice Loidl,6/12/2024,01JGGCHAW8PRNB7CE4Q2S49CJG
Elora,80,9,Modern Sarees,India,29,244,4130,Elora Sich,8/31/2022,01JGGCHAWAP3BNP9AMN7KJAJAF
Bernita,69,10,Embroidered Sarees,India,6166,343,4000,Bernita O'Shaughnessy,2/15/2023,01JGGCHAWBCFMMWVETGBGDB98P
Phylis,66,7,Cotton Sarees,India,3433,158,6850,Phylis Rooke,7/26/2023,01JGGCHAWEBAQ7D8DNCWESMHSB
Bonita,26,6,Modern Sarees,India,8730,6,1686,Bonita Dewan,12/14/2023,01JGGCHAWHBAF65DDFPR84QER3
Salomi,43,12,Embroidered Sarees,India,6773,33,8344,Salomi Gehrels,11/7/2024,01JGGCHAWKX78QTFMD1WTMPPQF
Daria,50,10,Regional Specials,India,10,361,7902,Daria Obin,11/11/2024,01JGGCHAWM6GS02WM5BKKSTKVB
Rosene,68,1,Silk Sarees,India,4445,154,3900,Rosene Domerc,12/25/2023,01JGGCHAWNQDAWVZAQ2PZG8AE2
Nikoletta,48,2,Modern Sarees,India,29,335,5605,Nikoletta Boyn,8/30/2024,01JGGCHAWQQHSD4H7EXCJK5WC2
Celine,52,14,Embroidered Sarees,India,3622,141,9347,Celine Lanchbury,12/9/2022,01JGGCHAWR3VDSVF4PAH8DSPSP
Delila,80,10,Handloom Sarees,India,8354,243,5388,Delila Peckett,10/13/2024,01JGGCHAWSDYAFM6QM407T4ZQJ
Elfrida,68,14,Cotton Sarees,India,3311,305,7352,Elfrida Alleway,12/25/2022,01JGGCHAWTCEH46J9R8ERK46MD
Angelica,27,11,Cotton Sarees,India,914,312,6776,Angelica Simister,12/27/2024,01JGGCHAWV1T0PMA1GHV0QP8XR
Yelena,42,1,Silk Sarees,India,466,323,3004,Yelena O'Nions,1/22/2024,01JGGCHAWYKPZ767YTN2FC1KFD
Gwendolin,37,11,Cotton Sarees,India,3015,184,1499,Gwendolin Scutcheon,8/3/2023,01JGGCHAX0EE4ZM28VJ85X6WDN
Kay,49,13,Cotton Sarees,India,1823,65,8836,Kay Breazeall,8/10/2023,01JGGCHAX1ZNA88K6RNVH617GM
Janna,45,5,Embroidered Sarees,India,2602,305,5776,Janna Polly,12/28/2024,01JGGCHAX20PDKKD51KPSXYD7H
Dale,55,13,Regional Specials,India,9636,347,9631,Dale Adamides,7/10/2023,01JGGCHAX4ZBYBHF48ZDHQTJJM
Blondy,45,14,Silk Sarees,India,2790,220,5171,Blondy Mouat,4/26/2023,01JGGCHAX52K3ZKPK413JQ0968
Ines,72,3,Silk Sarees,India,9182,39,7718,Ines Dyer,6/22/2022,01JGGCHAX6PZXT0RJACY34JZSG
Myrtia,23,2,Handloom Sarees,India,5232,82,1285,Myrtia Cornels,9/15/2023,01JGGCHAX7XC1T9RC8C8C41358
Arlie,52,11,Silk Sarees,India,7119,251,2253,Arlie Boick,2/28/2024,01JGGCHAX8T76YGNFZT31YAXP0
Edyth,53,7,Modern Sarees,India,1138,163,8285,Edyth Tiuit,5/29/2023,01JGGCHAXA9T1ET5WM61Z7ZREP
Arlen,35,11,Silk Sarees,India,5647,347,9269,Arlen O'Ruane,12/9/2023,01JGGCHAXCWV0JE8CTDFG6NPGP
Kore,36,14,Modern Sarees,India,30,247,3215,Kore Ivashov,1/8/2023,01JGGCHAXET9WT5GCJREJ7M970
Aurora,26,10,Handloom Sarees,India,8867,270,402,Aurora MacElroy,8/11/2024,01JGGCHAXFWBM0A562Y4J9BAWN
Nara,63,2,Cotton Sarees,India,1699,400,173,Nara Bohin,12/23/2024,01JGGCHAXGVZS2VPAPG6360ST7
Beatriz,61,15,Silk Sarees,India,2662,151,4545,Beatriz Dubbin,6/7/2024,01JGGCHAXJ6C8VAD52D98MNHXJ
Emalia,56,8,Cotton Sarees,India,1917,332,2123,Emalia MacCaughan,12/2/2024,01JGGCHAXKHA4JFAFHWCD9WZB4
Jacqui,35,1,Cotton Sarees,India,6129,233,3436,Jacqui de Villier,12/15/2022,01JGGCHAXM6RM16FXSZ41EYYCA
Melonie,64,4,Regional Specials,India,4938,73,9294,Melonie Peedell,11/13/2024,01JGGCHAXNBXG0BJS942VRDS1H
Roze,36,1,Modern Sarees,India,3814,235,8918,Roze McKea,8/9/2024,01JGGCHAXP8S8S9EMPKW43D251
Illa,71,10,Silk Sarees,India,5807,43,9449,Illa Bolens,4/28/2023,01JGGCHAXQ5SE2M5ARQD1HYTA9
Kelsy,63,12,Regional Specials,India,6901,212,7498,Kelsy Murrey,10/16/2024,01JGGCHAXRK2G4ZBTVX5246FFR
Ethelind,24,5,Cotton Sarees,India,8402,329,4915,Ethelind Pock,6/20/2023,01JGGCHAXS97VRFHBM3YQMPQKB
Dyanna,24,2,Embroidered Sarees,India,2694,13,9603,Dyanna Kerrey,9/22/2022,01JGGCHAXTFYV6YX1ZQSDK9MNW
Celle,62,7,Handloom Sarees,India,2659,232,4186,Celle Lamberth,10/26/2023,01JGGCHAXVWNZHSSTBHP1MFBYC
Celisse,51,2,Modern Sarees,India,5303,51,6273,Celisse Highwood,7/14/2023,01JGGCHAXWSPBJDA2PW47W9DDT
Jeannie,34,10,Regional Specials,India,2070,39,4859,Jeannie Aldam,7/8/2022,01JGGCHAXYKX0WV6XDGS02HXF0
Carol-jean,73,1,Handloom Sarees,India,2178,43,9107,Carol-jean Rendle,6/2/2024,01JGGCHAXZKABN1FM1KHVJTD8P
Katalin,57,10,Modern Sarees,India,7810,26,832,Katalin Tracy,9/5/2023,01JGGCHAY0MWZ58RYHM5FPN6GY
Fallon,66,7,Embroidered Sarees,India,3892,288,3307,Fallon Marre,7/20/2022,01JGGCHAY2B19NVMRSS3V20NRB
Nina,22,4,Modern Sarees,India,4429,310,6042,Nina Giannasi,9/25/2023,01JGGCHAY3BDP8C4XQREEA9Z6Z
Windy,47,2,Silk Sarees,India,4220,317,2915,Windy Hedges,8/26/2022,01JGGCHAY4PHRMY2T4NMV53DCJ
Letty,42,12,Embroidered Sarees,India,551,232,7034,Letty Gusticke,8/24/2023,01JGGCHAY5XTBGH0NYAKAV2PWA
Golda,53,9,Modern Sarees,India,4366,44,8145,Golda Bohin,11/5/2022,01JGGCHAY7Z6S55HPV58XYHS0Z
Lyndsay,74,9,Cotton Sarees,India,8750,341,3761,Lyndsay Mably,9/4/2023,01JGGCHAY90V8DQER7VYVSC2ZH
Ardith,62,4,Cotton Sarees,India,8888,43,2460,Ardith Suggitt,2/28/2023,01JGGCHAYAXCYPG4S567KV06XF
Shina,44,3,Modern Sarees,India,3199,320,3951,Shina Riquet,7/31/2023,01JGGCHAYD4NPFBCSD0MHH7CD7
Beatriz,30,3,Regional Specials,India,9202,112,1173,Beatriz Letrange,6/18/2024,01JGGCHAYEDXCQYT26KX5BYVHY
Edi,22,6,Cotton Sarees,India,8643,77,9969,Edi O'Dogherty,1/23/2023,01JGGCHAYGWY82CMAQ14C4G43K
Charin,70,11,Modern Sarees,India,1664,388,4022,Charin Blaymires,7/12/2024,01JGGCHAYH0PQCR5M2H1JETNSX
Buffy,24,7,Cotton Sarees,India,4626,271,2494,Buffy Rudham,6/27/2024,01JGGCHAYJ9YE2Q9E273DM6VDX
Addia,34,11,Regional Specials,India,5379,348,6486,Addia Bagnal,4/19/2024,01JGGCHAYME34153842H364YM6
Ninon,23,6,Cotton Sarees,India,2964,235,7047,Ninon Lashmar,3/19/2024,01JGGCHAYNN9BPB3QAEP1WFJJE
Wanda,55,14,Regional Specials,India,4358,148,5712,Wanda Adame,10/7/2023,01JGGCHAYQS9BYZXF40MFBPANM
Charisse,49,4,Silk Sarees,India,4980,50,4957,Charisse Lebang,10/8/2024,01JGGCHAYS968FWEAKJA657DC2
Roanne,62,11,Handloom Sarees,India,741,156,4211,Roanne Koppes,10/17/2024,01JGGCHAYTGJZ2N008VHFN7K2A
Debor,23,8,Modern Sarees,India,1284,87,9504,Debor Poizer,7/26/2024,01JGGCHAYW2ZX84M8CXN466AKW
Celisse,22,10,Modern Sarees,India,5626,248,9825,Celisse Ciciura,3/17/2023,01JGGCHAYY8BPATAA2X1VTCCT4
Vida,51,10,Embroidered Sarees,India,3757,20,5741,Vida Woakes,12/26/2022,01JGGCHAZ0FFYAC3RQCWSNJX8H
Cornelle,37,10,Handloom Sarees,India,1335,227,109,Cornelle Caddie,7/9/2023,01JGGCHAZ3MW6EBBTJDHPNMTRZ
Cosette,27,5,Modern Sarees,India,8918,103,4794,Cosette Littlemore,11/26/2023,01JGGCHAZ5P3WYJ2BS6J624ZV2
Andromache,24,10,Embroidered Sarees,India,1706,76,2061,Andromache Benesevich,9/25/2023,01JGGCHAZ6Y4ZWEJTCN5WA1FWN
Anallese,40,5,Silk Sarees,India,3471,312,5507,Anallese Spinley,5/25/2023,01JGGCHAZ71HXC7GKN4K0B02SX
Mirna,56,15,Handloom Sarees,India,5601,394,5608,Mirna Bowcock,1/29/2023,01JGGCHAZ93AHJ0MP1B6B563Q8
Ofelia,31,2,Silk Sarees,India,5737,82,6357,Ofelia Mulder,1/13/2024,01JGGCHAZAJFK32C0T7QZ13J8Z
Rachael,77,5,Embroidered Sarees,India,4070,301,6863,Rachael Diprose,4/29/2023,01JGGCHAZCVDG3H7FYM81VGFQ2
Kaleena,31,4,Handloom Sarees,India,3086,27,5628,Kaleena Gostick,5/6/2023,01JGGCHAZE83GM5MGTBFD1R5K2
Keri,52,10,Modern Sarees,India,5367,221,8563,Keri Traite,11/5/2022,01JGGCHAZFWQQPHD1T732WHTWS
Nadya,73,15,Regional Specials,India,3482,163,294,Nadya Helwig,7/7/2022,01JGGCHAZHW8YAY4D0NGCZWCGW
Frankie,27,1,Embroidered Sarees,India,1294,399,8863,Frankie Blethyn,8/22/2024,01JGGCHAZJA6QG2VKATFXCG1V4
Catrina,36,10,Embroidered Sarees,India,6451,13,5576,Catrina Roj,12/26/2023,01JGGCHAZK01HE1TCMCST5YZM8
Rozelle,40,14,Embroidered Sarees,India,9262,127,3239,Rozelle Berrick,3/2/2024,01JGGCHAZM809NEGXD2HBK3TT3
Katharina,41,4,Modern Sarees,India,6900,124,9106,Katharina Winchester,6/23/2023,01JGGCHAZNCABC873FZSV203NB
Hali,47,11,Handloom Sarees,India,6741,98,9115,Hali Willgoose,6/30/2024,01JGGCHAZPSXVS78C1JZ6S2AVC
Jerrie,72,8,Modern Sarees,India,9718,373,5689,Jerrie Allitt,5/4/2023,01JGGCHAZQHZ94MBM31YGCXECT
Claudelle,24,5,Handloom Sarees,India,2085,20,6988,Claudelle Pollicote,11/29/2024,01JGGCHAZR3Y820PD6JAMSRT7F
Karlotta,71,7,Modern Sarees,India,9542,172,9317,Karlotta Assiter,12/9/2024,01JGGCHAZT4SGTRR7SC8VXRAJ4
Ingunna,68,8,Regional Specials,India,4002,338,2142,Ingunna Shay,11/11/2022,01JGGCHAZVY0RXTQ0PJBYS4E0K
Aleen,79,11,Handloom Sarees,India,162,7,9655,Aleen Towndrow,9/12/2022,01JGGCHAZXYS4BG1RKZFSP9XW2
Linnea,35,2,Silk Sarees,India,2171,364,9727,Linnea Jereatt,5/18/2024,01JGGCHAZYMC7PK6EVBZ6F50HB
Laural,77,11,Cotton Sarees,India,6314,22,772,Laural Arnault,4/21/2024,01JGGCHB00PHEKVN3DD6RQF0VG
Adoree,47,13,Handloom Sarees,India,6111,145,2328,Adoree Monelle,8/17/2024,01JGGCHB016JCSMDEKNXECP887
Caro,69,9,Embroidered Sarees,India,1730,15,5109,Caro Bellanger,6/20/2023,01JGGCHB029VC7X88X8Z4STRCN
Ursala,46,8,Silk Sarees,India,4926,388,7435,Ursala Benning,7/26/2024,01JGGCHB03S35JS9JDJCWJB96D
Waly,77,2,Embroidered Sarees,India,3232,339,2592,Waly Pechold,1/28/2023,01JGGCHB04HT7HZE44X9SXD6AM
Maryjane,69,7,Cotton Sarees,India,1979,98,50,Maryjane Ronchetti,8/31/2023,01JGGCHB051RS25XRW3FF3R5BC
Katleen,49,9,Modern Sarees,India,1982,359,9501,Katleen Boland,2/6/2023,01JGGCHB06KDKKNFHQ94DHCV3B
Irene,70,10,Embroidered Sarees,India,6298,361,1472,Irene Redsell,11/29/2023,01JGGCHB07290ZEZ8730GEAGQX
Juditha,30,11,Modern Sarees,India,4984,380,7598,Juditha Galego,2/20/2023,01JGGCHB094WC8MRHH5VCA75WA
Coriss,27,1,Handloom Sarees,India,8800,137,7303,Coriss de Verson,11/4/2022,01JGGCHB0A98SKBXJWWZ463J5Z
Perrine,79,9,Regional Specials,India,6863,37,6975,Perrine Eastcott,7/6/2024,01JGGCHB0BCBCYR78QMZY8A1NR
Theresina,68,12,Regional Specials,India,3294,71,4379,Theresina Levinge,4/12/2024,01JGGCHB0C2D7K8ANKSJFRMGB4
Kitti,72,3,Silk Sarees,India,3833,71,5256,Kitti Daubeny,8/23/2023,01JGGCHB0D5XZ0T4DQDRQZS9PS
Kimmie,71,4,Handloom Sarees,India,1530,16,4479,Kimmie Blakeston,1/20/2024,01JGGCHB0EKA3WEKK2F636336T
Minta,24,13,Silk Sarees,India,8834,35,758,Minta Jones,7/22/2024,01JGGCHB0FRQKMHA2SE0XQ4SBW
Nonnah,24,5,Modern Sarees,India,9847,358,8241,Nonnah Belshaw,7/11/2023,01JGGCHB0HD3F3ANKTPG2ZYNP8
Minni,54,6,Embroidered Sarees,India,3169,390,6070,Minni Angear,5/24/2024,01JGGCHB0JC3M8CJ9B3E08TKTF
Flossy,31,3,Regional Specials,India,8157,328,3064,Flossy Yuryichev,12/11/2022,01JGGCHB0KCW9SKWK99CN0C98C
Malynda,40,1,Regional Specials,India,7121,236,3474,Malynda O'Loughlin,11/3/2022,01JGGCHB0NY7YZP2AWXYBCDM2M
Dyana,39,5,Silk Sarees,India,2038,188,2993,Dyana Plumbridge,9/21/2024,01JGGCHB0PQS2Q15NC85SZM0XJ
Tobe,34,14,Handloom Sarees,India,1739,369,349,Tobe Hovard,1/28/2023,01JGGCHB0Q5VF24P17XQ5F371A
Carmon,65,15,Modern Sarees,India,9299,302,302,Carmon Ledley,3/3/2023,01JGGCHB0R1REBGCNBG9R43PH5
Kimberlyn,72,9,Embroidered Sarees,India,3591,86,9714,Kimberlyn Maddison,6/7/2023,01JGGCHB0VNPYTNVV9Z6FKYKK6
Jaquelin,25,5,Embroidered Sarees,India,6194,75,8641,Jaquelin Lerigo,12/22/2022,01JGGCHB0WBFYAARK1KRZZC7K2
Natividad,25,15,Modern Sarees,India,5325,194,8060,Natividad Ewenson,12/17/2023,01JGGCHB0XG56XA5KFTBVTD9ZM
Binny,50,2,Regional Specials,India,6140,349,883,Binny Medgwick,12/17/2023,01JGGCHB0YFN58CCBB0NSVCZ4W
Nerti,63,9,Cotton Sarees,India,2389,98,9007,Nerti Krinks,8/30/2023,01JGGCHB0Z3FB6KMNEC0D2H6EY
Wendy,23,3,Modern Sarees,India,5487,108,8750,Wendy Sizland,1/31/2024,01JGGCHB1077JHJJ8VEJWJNE26
Sher,21,14,Regional Specials,India,3315,374,3659,Sher Ondra,12/18/2023,01JGGCHB118F55HBZSCYRH13FX
Dacie,68,11,Embroidered Sarees,India,696,267,6616,Dacie Etuck,12/13/2022,01JGGCHB137VBEF6EH5DTMW1QP
Kimbra,23,1,Regional Specials,India,5038,131,6147,Kimbra Crilly,1/30/2023,01JGGCHB14H96R0JY3B2G9SR20
Chrissie,43,11,Cotton Sarees,India,3701,399,4180,Chrissie Punt,8/23/2023,01JGGCHB15SB9WGJ26Q99GPX59
Sharai,32,9,Handloom Sarees,India,2471,36,9186,Sharai Beckhurst,10/5/2023,01JGGCHB165V9HBGGJF621FM0D
Beatrice,75,2,Cotton Sarees,India,4019,307,7059,Beatrice Bauman,4/25/2024,01JGGCHB17HAE1H6706C9NJ26P
Nataline,78,4,Handloom Sarees,India,7383,97,1654,Nataline Rase,11/13/2024,01JGGCHB2A8DQ803QC59N8K302
Lira,52,8,Regional Specials,India,911,279,4471,Lira Strongitharm,4/22/2024,01JGGCHB2BNE669JSZX9VRCJJZ
Jerrylee,73,4,Handloom Sarees,India,9471,373,4386,Jerrylee Provost,2/15/2023,01JGGCHB2DE7WKR3DJS7DGZCS2
Olive,26,10,Modern Sarees,India,2754,352,7710,Olive Trenbey,11/27/2022,01JGGCHB2E9F05CWWWDM9GM6G3
Tania,33,4,Cotton Sarees,India,7233,190,8012,Tania Cottingham,8/29/2022,01JGGCHB2GAZV20GGB3PJZ0AJE
Melinda,59,11,Modern Sarees,India,4185,358,7454,Melinda Sudddard,10/10/2022,01JGGCHB2HSX1594AG1ZS6GVM6
Lacy,51,13,Embroidered Sarees,India,9886,388,1384,Lacy Stock,10/4/2023,01JGGCHB2JYHRX81PCKBGAMDWM
Wanda,46,10,Cotton Sarees,India,6202,125,7334,Wanda Soutter,2/18/2023,01JGGCHB2KCZS5CBEWGSR63C1R
Caryl,36,7,Silk Sarees,India,1673,184,5328,Caryl MacKenzie,10/11/2023,01JGGCHB2NBCPXH0JS6F0H5FAV
Tamera,80,4,Handloom Sarees,India,4437,379,9646,Tamera Scranedge,1/10/2023,01JGGCHB2P6RSY9A812A3KHG3J
Janette,67,14,Silk Sarees,India,9995,142,1847,Janette Natwick,12/19/2024,01JGGCHB2QN90AE9BCCD38TSX5
Kalli,57,14,Silk Sarees,India,5861,258,6574,Kalli Gytesham,7/29/2024,01JGGCHB2RYQ7QQPWDG9GSPDPE
Pam,76,1,Regional Specials,India,6986,255,751,Pam Bucham,11/27/2024,01JGGCHB2SGC9BHW72W1E93DVN
Veronica,20,3,Embroidered Sarees,India,5774,74,4737,Veronica Speenden,3/3/2023,01JGGCHB2T0WRCHF7NKBV7NMY8
Yasmin,74,9,Embroidered Sarees,India,9343,352,3733,Yasmin Vogelein,8/17/2023,01JGGCHB2VYVCFNF2G27JEQ2Y5
Marice,60,4,Embroidered Sarees,India,4799,106,9211,Marice Vecard,12/25/2023,01JGGCHB2WJT5C70VA5X1JS09R
Reiko,76,10,Silk Sarees,India,9415,369,6011,Reiko Bellie,4/8/2023,01JGGCHB2Y062SWRAYRSTR68V7
Lavinia,62,14,Cotton Sarees,India,9027,201,1705,Lavinia Phalp,10/25/2023,01JGGCHB2Z43VC161VT0N9JYZG
Adena,62,4,Handloom Sarees,India,3014,249,8575,Adena Grahame,11/28/2024,01JGGCHB30D67SZDBWTP8HEFQP
Anstice,74,6,Handloom Sarees,India,9016,397,397,Anstice Humby,3/24/2024,01JGGCHB31YRS4QKT86NA8NP7Q
Alessandra,37,9,Handloom Sarees,India,8900,178,9466,Alessandra Kiernan,12/22/2022,01JGGCHB33VSF9R84KFB6T02RG
Laurella,59,9,Embroidered Sarees,India,2591,354,3638,Laurella Reinbeck,6/3/2024,01JGGCHB34STSTMXZT9EGKREZD
Katuscha,32,7,Silk Sarees,India,3058,89,2870,Katuscha Kneesha,4/6/2023,01JGGCHB351YP21AX6SYKHQ1B2
Vernice,64,7,Embroidered Sarees,India,5352,346,2720,Vernice Woodrup,2/1/2024,01JGGCHB36JY1CGK1MZCZGNHMB
Frederique,75,14,Silk Sarees,India,9430,356,9405,Frederique Pryer,7/31/2022,01JGGCHB378ZSEZNDC1YQMRPFS
Cathlene,22,8,Embroidered Sarees,India,1931,217,8381,Cathlene Evers,8/22/2023,01JGGCHB38VFNR4BBXHJ4W5TGG
Sarajane,78,1,Cotton Sarees,India,675,105,507,Sarajane Crystal,3/25/2024,01JGGCHB39FF9V5KG2WTEWQ4TR
Amii,33,10,Silk Sarees,India,7312,102,7318,Amii Gwatkin,7/28/2022,01JGGCHB3B50PYV2ZX1A1Y9BQH
Jami,34,12,Embroidered Sarees,India,2474,176,3856,Jami Hendonson,7/28/2022,01JGGCHB3DT77G3TQS1P8G0VXB
Dinnie,49,7,Modern Sarees,India,4013,175,3395,Dinnie Toynbee,11/29/2024,01JGGCHB3EQCMD6634EMZ9TSSH
Eulalie,54,13,Handloom Sarees,India,691,61,4614,Eulalie Ritchie,8/8/2022,01JGGCHB3F7RK45GMK18KJZR1N
Agace,55,6,Cotton Sarees,India,6699,26,7306,Agace Abbison,11/27/2022,01JGGCHB3G39P9Q97Z4EEFBFJH
Delilah,44,4,Handloom Sarees,India,574,109,8790,Delilah Pagan,11/9/2023,01JGGCHB3H26X6WA4J8WCX7DQG
Dania,48,10,Modern Sarees,India,4741,257,6243,Dania Brislan,6/26/2023,01JGGCHB3KEN2JQEJQ59TD0PTN
Lesya,77,15,Embroidered Sarees,India,7527,395,4984,Lesya Buckney,9/14/2022,01JGGCHB3MW7XZC02NVFYQHAM8
Lari,80,6,Modern Sarees,India,9651,140,7887,Lari Tokell,10/25/2022,01JGGCHB3NHZ18PTF52DA1JC0R
Renelle,28,9,Modern Sarees,India,1498,236,4105,Renelle Kobus,7/7/2023,01JGGCHB3P87J4XBTH1SQTPH0D
Viv,60,13,Silk Sarees,India,2529,321,6172,Viv Astley,11/4/2024,01JGGCHB3QF8E2T1FP9MDJ4HB5
Chantal,75,6,Silk Sarees,India,8036,28,8945,Chantal Jessop,2/15/2024,01JGGCHB3SR8PQV05TQ1RKS72Q
Eveleen,20,4,Cotton Sarees,India,3391,60,1988,Eveleen Speek,10/6/2024,01JGGCHB3TVQCYFN2TR32BQ92B
Kirstin,67,14,Handloom Sarees,India,3176,337,1369,Kirstin Sentinella,12/14/2022,01JGGCHB3VTEDFGW0RJVHP2DK7
Patrizia,48,12,Silk Sarees,India,3291,92,1673,Patrizia Denny,10/11/2022,01JGGCHB3W8MT9R2B314NV1JED
Laure,39,8,Silk Sarees,India,1232,98,4022,Laure Velte,8/13/2023,01JGGCHB3XVWWGTZ6SWKEPC0MX
Leelah,58,13,Cotton Sarees,India,2355,230,7691,Leelah Gibben,9/29/2022,01JGGCHB3Y412QBCHD3MJMZJ4Q
Annetta,60,12,Silk Sarees,India,6455,387,5759,Annetta Blacker,11/12/2022,01JGGCHB3ZMX8GSC78YRVBGTW1
Coretta,20,15,Silk Sarees,India,4736,292,5521,Coretta Durnin,3/16/2024,01JGGCHB40JW2MVRT7JC5ZB11V
Beverlie,59,10,Embroidered Sarees,India,5093,234,9773,Beverlie Murby,5/15/2023,01JGGCHB41MEGHVT0GRGH33TP3
Hedwig,54,13,Cotton Sarees,India,3877,32,8886,Hedwig Miners,5/27/2023,01JGGCHB425M6R3ZVY35Z8TXPN
Timmi,67,12,Cotton Sarees,India,361,42,2130,Timmi Gyse,6/6/2024,01JGGCHB433VYH2JQC503YJQ50
Fayina,37,7,Modern Sarees,India,5920,124,6210,Fayina Boothebie,11/23/2024,01JGGCHB44QA4TYZW5Y2KZSDYR
Arlette,76,1,Embroidered Sarees,India,30,140,2787,Arlette Jacobi,6/10/2023,01JGGCHB46JCZ7FVMCFQV5B8CZ
Sarita,69,7,Regional Specials,India,2839,356,9458,Sarita Ohanessian,2/9/2024,01JGGCHB47643A7R50FW4J632K
Almeda,64,14,Silk Sarees,India,2449,234,2233,Almeda McOwen,3/12/2023,01JGGCHB48HPYJ6B4QJX4ZT6RC
Emilia,61,8,Embroidered Sarees,India,4955,36,9933,Emilia Dayly,11/3/2024,01JGGCHB499BG82WTN8RBYPMX1
Juli,71,14,Modern Sarees,India,8524,190,9555,Juli Decent,7/28/2022,01JGGCHB4BZMVV66BQDWS1EXV4
Karon,30,3,Regional Specials,India,6822,180,3050,Karon Ruggier,5/7/2024,01JGGCHB4CHJM25RT4HGQBS59R
Jade,53,15,Modern Sarees,India,5559,204,8583,Jade Matyushenko,9/11/2024,01JGGCHB4D343S7V1PFV6ZB53X
Nettie,63,3,Embroidered Sarees,India,489,255,4188,Nettie Kleuer,8/15/2023,01JGGCHB4EBCK5M1M9D3PEAD0G
George,24,14,Handloom Sarees,India,9124,170,2685,George Penella,9/4/2023,01JGGCHB4FV1EZ2BHBQ6M2HFKA
Janet,27,11,Embroidered Sarees,India,8387,293,3829,Janet Sultan,8/21/2024,01JGGCHB4GDQYG25ADQ355MBYK
Sisile,29,11,Regional Specials,India,6142,106,6512,Sisile Divver,12/4/2023,01JGGCHB4H5REJKVB9CHH4AMPG
Nadean,36,13,Cotton Sarees,India,7413,24,37,Nadean Cescot,6/2/2023,01JGGCHB4J2YXKYA7XB00Y4Z4C
Valery,66,6,Embroidered Sarees,India,3051,131,9724,Valery Bradock,12/16/2023,01JGGCHB4KZH4K04VV4TPW7WW1
Kelly,69,3,Embroidered Sarees,India,5224,277,5414,Kelly Saich,9/18/2022,01JGGCHB4MSYZ1FJ4P4VZB4MS3
Hynda,48,5,Regional Specials,India,6437,300,9153,Hynda Morales,4/24/2023,01JGGCHB4NZDANX4ZFHCPSZ7JN
Verile,57,1,Cotton Sarees,India,4113,326,9265,Verile Goare,11/13/2023,01JGGCHB4P9K8CESFXECGMF7FZ
Alyda,30,8,Handloom Sarees,India,6600,251,2935,Alyda Spencers,12/18/2023,01JGGCHB4Q96AVG9P465KS0SMB
Karlen,68,3,Cotton Sarees,India,1355,278,4341,Karlen Keyte,12/8/2024,01JGGCHB4SM1KG4EHFA0KG9VVM
Calida,47,12,Regional Specials,India,9345,205,6356,Calida Portchmouth,2/15/2023,01JGGCHB4TZH8W395MMX09D3FJ
Scarlett,70,3,Regional Specials,India,5943,33,818,Scarlett Brombell,8/16/2022,01JGGCHB4VEFCHJ3RCZNJACZQ3
Dyane,26,9,Embroidered Sarees,India,5237,209,8528,Dyane Hallgalley,10/17/2022,01JGGCHB4W6J68NERHK3RJVMX0
Gussie,76,14,Silk Sarees,India,8688,400,623,Gussie Christer,12/13/2024,01JGGCHB4XH4FWCW1B32GC6W6V
Philly,50,14,Embroidered Sarees,India,9177,252,972,Philly Brockington,10/16/2024,01JGGCHB4YAXXRWZ3G5MGHJ3HB
Britteny,62,5,Regional Specials,India,6284,70,4548,Britteny Muglestone,4/5/2024,01JGGCHB4ZE19CSRSX7XFZRCQG
Dale,50,7,Regional Specials,India,7704,119,1098,Dale Bluett,9/17/2024,01JGGCHB504HS27WR803HNC5XV
Rozanne,53,6,Regional Specials,India,407,41,6551,Rozanne Ashurst,9/22/2022,01JGGCHB51KAXNJEJX32JWJZTZ
Gaye,45,12,Silk Sarees,India,9068,273,3593,Gaye Moatt,9/26/2023,01JGGCHB528YKSJVMS9TM0YMKM
Leland,30,1,Cotton Sarees,India,9154,109,513,Leland Peirone,5/25/2023,01JGGCHB53DHBV4CXJTDKXF257
Val,79,11,Modern Sarees,India,2034,140,825,Val McGriele,6/16/2022,01JGGCHB54HQBG3PA284ANTTYD
Sapphire,26,3,Cotton Sarees,India,7182,388,4580,Sapphire Persian,1/7/2023,01JGGCHB555JXF4TTR3SN6RNRE
Celestia,57,4,Silk Sarees,India,6651,120,279,Celestia Kennerknecht,8/24/2022,01JGGCHB56584TF4KZSDZBDKAR
Brandise,51,5,Embroidered Sarees,India,1653,313,9301,Brandise Wells,5/31/2024,01JGGCHB58946GGRS5CQBJ1ZF8
Dredi,60,8,Regional Specials,India,9113,198,8380,Dredi Staries,8/8/2024,01JGGCHB59VVCZNN4F43GFY5RK
Ninon,22,8,Handloom Sarees,India,1454,47,3204,Ninon Heppenspall,1/16/2024,01JGGCHB5AG2WTWNAE17XZFD10
Lynelle,78,14,Silk Sarees,India,6236,43,495,Lynelle Clemenzi,9/28/2024,01JGGCHB5BC2NETGBDH5KSEH7M
Jade,78,1,Embroidered Sarees,India,3257,190,4916,Jade Pieche,12/22/2024,01JGGCHB5CAWWTWNFXAW6PCV5J
Hortensia,40,12,Handloom Sarees,India,1692,314,3252,Hortensia Reyne,6/26/2023,01JGGCHB5D46HNDHGD6PJJS4GS
Marijo,38,12,Handloom Sarees,India,6501,253,2809,Marijo Tester,10/3/2023,01JGGCHB5E9C3FVCKS4NCGHNM6
Laureen,20,9,Handloom Sarees,India,9130,130,2650,Laureen Turmel,12/18/2023,01JGGCHB5FFPQJABQDM8JNN05X
Mariel,79,1,Silk Sarees,India,2649,112,7219,Mariel Litton,9/1/2022,01JGGCHB5GHZT8GJ4R4G8EAAR0
Luz,28,2,Silk Sarees,India,327,363,5432,Luz Gounod,10/11/2024,01JGGCHB5HAEVWM01M08VTNMFJ
Nicole,67,5,Silk Sarees,India,9834,268,1276,Nicole Lammerts,3/22/2024,01JGGCHB5JF4X9KHTSS3XNEWDS
Orel,44,10,Regional Specials,India,2553,146,9883,Orel Eberdt,2/8/2023,01JGGCHB5K8TFVSFXSYXSBGFJ4
Regine,41,8,Silk Sarees,India,2890,26,5156,Regine Got,1/25/2023,01JGGCHB5MCEVK6S095RHMTFP8
Catharina,56,9,Regional Specials,India,951,254,1203,Catharina Barbosa,4/7/2023,01JGGCHB5NHEH9VBGBSM1GHKAP
Charisse,39,12,Handloom Sarees,India,7971,327,7633,Charisse Will,9/10/2023,01JGGCHB5PD3GFTNCVG2SK15CZ
Hatty,68,10,Modern Sarees,India,92,341,3195,Hatty Laurent,5/12/2024,01JGGCHB5QVEQ5E3D1EKZ8QPTY
Zaneta,54,1,Embroidered Sarees,India,6365,34,6631,Zaneta Ashton,9/15/2022,01JGGCHB5R7P91460RDWGC5GXD
Dorice,39,6,Regional Specials,India,450,377,1525,Dorice Trytsman,3/11/2023,01JGGCHB5S5629N7EERK0JJTCW
Ramonda,73,13,Silk Sarees,India,7711,0,7116,Ramonda Eccleshare,8/22/2024,01JGGCHB5VH0GH8A1PYF658M3E
Nell,32,1,Regional Specials,India,9450,315,3813,Nell Pembry,3/21/2023,01JGGCHB5WDCSYV5G4H4ECQVF9
Ajay,23,5,Embroidered Sarees,India,6557,233,5637,Ajay Vasse,5/9/2024,01JGGCHB5XH033SCHSK4KSX0F8
Meagan,58,11,Silk Sarees,India,1050,390,8522,Meagan Zorzini,3/16/2023,01JGGCHB5YMGP8B4DA76YDYB0R
Daryl,65,9,Modern Sarees,India,2618,325,7856,Daryl Baumer,11/22/2022,01JGGCHB5ZC617JDM9NDB7RFT2
Lorianne,40,8,Modern Sarees,India,4782,376,8897,Lorianne Henlon,6/6/2024,01JGGCHB603JQGZNTG5WEQ2F8P
Edwina,43,8,Cotton Sarees,India,2090,397,6180,Edwina Reek,4/28/2023,01JGGCHB61M5W532G27K96FNY3
Jacquie,49,5,Silk Sarees,India,9973,276,6423,Jacquie Matthews,8/8/2023,01JGGCHB62FK3AKXYJT1G32540
Darci,34,8,Silk Sarees,India,7928,230,7166,Darci Sarrell,2/28/2023,01JGGCHB63WT7TTHDRXJ23VXME
Felicle,65,14,Handloom Sarees,India,1646,122,8585,Felicle Pollett,11/4/2023,01JGGCHB64ZDPF53H8BTFJTF20
Selma,24,8,Embroidered Sarees,India,1393,325,8707,Selma Seeney,8/13/2023,01JGGCHB65FSY0F9E2952EA7R3
Leoline,37,9,Cotton Sarees,India,5755,233,5512,Leoline Petrillo,6/10/2024,01JGGCHB67Y5H92SMWY5KVJ7VW
Teresita,29,5,Cotton Sarees,India,822,66,6421,Teresita Comar,10/26/2023,01JGGCHB68BSADD3WXM59CKHDT
Jodie,23,10,Silk Sarees,India,5692,277,4102,Jodie Gaskin,10/8/2022,01JGGCHB69DBPPTVRPRQCDYFS7
Cthrine,34,9,Embroidered Sarees,India,4363,395,7756,Cthrine Buessen,12/6/2022,01JGGCHB6A2RY0NYRV4ZE6A1Y4
Gilberte,54,7,Cotton Sarees,India,4224,156,4297,Gilberte Durrand,7/9/2024,01JGGCHB6BYGQ0SCTQ14VD9PAK
Rennie,47,3,Silk Sarees,India,4534,43,5174,Rennie Gilvear,8/1/2023,01JGGCHB6C25754FMWJ1DF03PD
Seka,20,9,Modern Sarees,India,2239,164,595,Seka Emblin,9/8/2022,01JGGCHB6DD9RB9JV2W1MAVY11
Melessa,28,1,Handloom Sarees,India,1257,178,5781,Melessa Herculeson,7/10/2024,01JGGCHB6EWYKW20F87A95JC5K
Michel,47,4,Modern Sarees,India,2056,399,6740,Michel Ashelford,2/21/2023,01JGGCHB6FCEXY3PBTGVVM0530
Fran,35,8,Cotton Sarees,India,930,336,262,Fran Wilford,8/14/2024,01JGGCHB6HQDEB65J7B6X3PKET
Ursula,58,4,Handloom Sarees,India,5849,69,7603,Ursula Fritter,11/14/2022,01JGGCHB6JV8DVGQKD3MMCTTDV
Lilla,60,8,Cotton Sarees,India,4206,235,1050,Lilla Etchingham,8/3/2024,01JGGCHB6KY8AEPB1TQW0SHPF6
Lani,24,11,Silk Sarees,India,7288,18,3470,Lani Dungee,8/23/2023,01JGGCHB6M53AMK7QQ8V20MY01
Olivie,79,11,Cotton Sarees,India,7614,380,5004,Olivie Splevins,11/3/2024,01JGGCHB6P7JGWXFEC3WKCSYAC
Dawn,69,7,Modern Sarees,India,311,350,2800,Dawn Lockless,8/23/2022,01JGGCHB6Q1G8Z1HT1Q105811N
Jacky,73,6,Modern Sarees,India,2497,206,3219,Jacky Linwood,6/15/2022,01JGGCHB6R29G1V7X01GN78ET9
Ellyn,42,5,Cotton Sarees,India,4454,168,3226,Ellyn Anderer,8/3/2022,01JGGCHB6S530VRE023832H8E5
Hertha,51,11,Silk Sarees,India,3238,104,5808,Hertha Rengger,12/4/2023,01JGGCHB6T35DWD15APND4HNH5
Jennie,68,10,Handloom Sarees,India,5279,53,5082,Jennie Scanes,9/20/2024,01JGGCHB6V2RCXC9JJY7Z7JDX7
Kristel,31,14,Modern Sarees,India,8200,189,8149,Kristel Edgecombe,8/5/2023,01JGGCHB6WFSDE7P8A767YPSQ1
Auria,21,9,Embroidered Sarees,India,2967,283,5555,Auria Quinnet,12/31/2022,01JGGCHB6X5NJMZFY0JVCVJNZX
Tallulah,44,7,Regional Specials,India,4835,266,6453,Tallulah Seely,6/24/2023,01JGGCHB6YXDSXFCSDVQXHM3CM
Ofella,29,13,Silk Sarees,India,5214,331,1376,Ofella Dumblton,3/20/2023,01JGGCHB70Y5J3XBH6JVB9ZCTF
Farrah,72,2,Cotton Sarees,India,714,32,6765,Farrah Redshaw,12/12/2023,01JGGCHB71Z1X7HD4P4VJQT40S
Gipsy,61,14,Regional Specials,India,8658,91,5645,Gipsy Polye,10/18/2022,01JGGCHB72DMEPQEK1VFNZM3N8
Karalee,70,6,Modern Sarees,India,2731,193,8967,Karalee Sink,5/26/2023,01JGGCHB73623JJ9143W0S59ZR
Ardath,51,15,Handloom Sarees,India,2048,146,2943,Ardath Villa,7/17/2023,01JGGCHB74KMSNWFQZKCJ0HYMB
Edy,21,6,Modern Sarees,India,6244,221,2812,Edy Sanders,4/18/2023,01JGGCHB76PM8C54127THQ4JYM
Lauralee,37,13,Silk Sarees,India,5477,178,2464,Lauralee Squelch,5/21/2023,01JGGCHB77SABYH27M7PG7YFH3
Karine,55,1,Cotton Sarees,India,6950,121,4172,Karine Gotobed,1/23/2024,01JGGCHB78GCFQBM1ZN02DWBKF
Kariotta,69,7,Silk Sarees,India,2552,203,4410,Kariotta Holbarrow,3/18/2023,01JGGCHB79Z97CAGRQ9EQSCT1K
Carine,24,13,Embroidered Sarees,India,5189,14,7957,Carine Iredale,12/11/2022,01JGGCHB7BN24NE44RY8KHBDD6
Albina,64,7,Silk Sarees,India,9009,179,2263,Albina Wallege,2/8/2023,01JGGCHB7DZPWCXQ74V3M3Y6HW
Lory,62,1,Embroidered Sarees,India,6556,180,3833,Lory Woolveridge,9/29/2024,01JGGCHB7EHRQ1RVB5T47RKY97
Francesca,21,12,Handloom Sarees,India,7513,147,5823,Francesca Ricardet,4/1/2023,01JGGCHB7FPH0ZH20FRHQ5CE0F
Kerianne,30,14,Handloom Sarees,India,8398,98,7202,Kerianne Gillopp,4/16/2024,01JGGCHB7GBFV68WXRREJM4P11
Hettie,35,2,Handloom Sarees,India,5834,190,2587,Hettie Wabe,6/20/2023,01JGGCHB7HVDF9XZ0WMHY9D452
Emilia,41,4,Cotton Sarees,India,5645,125,5764,Emilia Pickvance,11/19/2022,01JGGCHB7KC5HFG55J9BVKD14S
Elfrieda,38,5,Cotton Sarees,India,5567,87,7821,Elfrieda Umbers,9/25/2022,01JGGCHB7MBNWSRZJ7RRG35C3Q
Perri,72,11,Regional Specials,India,4745,82,9440,Perri Wombwell,3/31/2024,01JGGCHB7N13JAGKXGY83EE5QY
Noella,50,1,Silk Sarees,India,2302,254,1310,Noella Chason,8/23/2023,01JGGCHB7QC1N1H8RJ81XA4DGP
Jennilee,35,7,Embroidered Sarees,India,3007,379,4343,Jennilee Coppock.,8/24/2023,01JGGCHB7RYR78ZSD83D2WZ9R7
Emelia,52,8,Silk Sarees,India,9951,344,5833,Emelia Donet,2/2/2024,01JGGCHB7SC0CX4S5V28T99MX0
Juline,57,12,Silk Sarees,India,7948,330,4464,Juline Gullis,9/30/2022,01JGGCHB7T9RWB5G3XD8CZ4BNV
Clarine,62,9,Silk Sarees,India,9925,277,1137,Clarine Cromly,3/18/2023,01JGGCHB7VB01NAW2F1NX6JZ1M
Gretta,72,1,Silk Sarees,India,6050,107,200,Gretta Sheriff,3/23/2024,01JGGCHB7WMT0P2S7Z4WTPTGA7
Othella,29,8,Regional Specials,India,5569,44,7757,Othella Rymer,9/22/2024,01JGGCHB7ZX3A5CQYEE95PEXNF
Janna,50,5,Cotton Sarees,India,1341,39,5513,Janna Andrag,12/10/2022,01JGGCHB824D01PYEEZASFAP5N
Emmalee,61,10,Handloom Sarees,India,6096,100,6789,Emmalee Parnham,9/16/2022,01JGGCHB8509DT8B5GPSM06YHM
Joceline,72,4,Regional Specials,India,2580,295,3857,Joceline Grahamslaw,6/18/2024,01JGGCHB86VS32YB5Y2TRNNXRB
Shandee,52,11,Cotton Sarees,India,2768,142,9085,Shandee Totman,6/30/2022,01JGGCHB872X9CFMN9N9CNBCXP
Quintilla,76,3,Regional Specials,India,8835,309,6152,Quintilla Sommerscales,12/9/2024,01JGGCHB88SXQYGK4FEWGDQV6A
Delinda,43,12,Embroidered Sarees,India,1395,395,2980,Delinda McKain,11/12/2024,01JGGCHB8AXVGFMPW3SMC6MDVH
Kyrstin,71,8,Cotton Sarees,India,213,317,7605,Kyrstin Joret,7/31/2022,01JGGCHB8BA8XJKGFESXNFFCKW
Moreen,71,13,Embroidered Sarees,India,212,22,5447,Moreen Frankowski,10/30/2023,01JGGCHB8CH582NMB74CCE62F0
Dorrie,32,14,Cotton Sarees,India,9966,32,7378,Dorrie Dikes,1/4/2024,01JGGCHB8D7WK7GEGJZ93GP3HN
Terza,23,12,Regional Specials,India,1445,175,3507,Terza Goering,5/13/2023,01JGGCHB8E4Q1Y6KS70NRERG8E
Kassandra,55,13,Modern Sarees,India,9774,118,6929,Kassandra Dalyell,4/15/2024,01JGGCHB8F97GQNMRAA0DVPEVM
Alecia,68,4,Embroidered Sarees,India,1499,197,2628,Alecia McCarter,8/3/2023,01JGGCHB8GY1AQWG27S61PA034
Gussi,58,1,Modern Sarees,India,9444,349,131,Gussi O'Lennane,6/17/2023,01JGGCHB8HCTWY1FV8NCZ6P418
Adey,32,11,Modern Sarees,India,2682,268,5054,Adey Hatliff,10/7/2022,01JGGCHB8JTQXPK6543B5ASMGQ
Corina,48,8,Embroidered Sarees,India,902,134,3904,Corina Withams,2/19/2024,01JGGCHB8KA8KQ0AWQ1PV1A3AJ
Hedda,56,15,Regional Specials,India,8380,382,3821,Hedda Beal,10/2/2022,01JGGCHB8N2QNHRGP65575WBKX
Chelsey,55,12,Cotton Sarees,India,8681,171,4058,Chelsey Jickles,7/10/2022,01JGGCHB8P12Z8X3YG46Q8HY3S
Emmaline,44,6,Modern Sarees,India,3333,294,7070,Emmaline Meale,4/16/2023,01JGGCHB8QZCCQKPNDV812JAY6
Anastassia,62,14,Embroidered Sarees,India,717,109,2419,Anastassia MacArd,2/25/2023,01JGGCHB8R72RQP1HRTZ5AAXHV
Christan,48,14,Regional Specials,India,1149,218,168,Christan Wherton,7/17/2023,01JGGCHB8SPTMYV0825NKNKN98
Harriott,42,10,Modern Sarees,India,8170,101,276,Harriott Zamora,6/15/2022,01JGGCHB8T3YK0X0H8287H1WZN
Dionis,58,1,Silk Sarees,India,6722,204,2191,Dionis Vahl,1/20/2024,01JGGCHB8VGZGCAZW3NZAQ7C0K
Rochette,34,11,Silk Sarees,India,246,288,7623,Rochette Causby,7/19/2024,01JGGCHB8WG1E6F6KGWA1TVEX6
Rycca,33,14,Silk Sarees,India,7504,48,6244,Rycca Liptrod,3/2/2024,01JGGCHB8XWK5AYSXR8W0G8A0W
Brenda,27,3,Silk Sarees,India,2976,180,895,Brenda Droogan,9/8/2024,01JGGCHB8ZYQCEJGVCKB5Q9S8D
Vallie,48,2,Embroidered Sarees,India,1299,168,6799,Vallie Gregor,3/6/2024,01JGGCHB90W7G8ZTGJ02SSC8XM
Etta,21,5,Handloom Sarees,India,8386,245,4603,Etta cornhill,11/21/2022,01JGGCHB91XSNHJS6ESW8MVBBQ
Mariann,56,3,Modern Sarees,India,321,137,7582,Mariann O'Hartnedy,10/23/2022,01JGGCHB92S8WJ2PEB344GN3VF
Rosamond,80,9,Handloom Sarees,India,146,111,563,Rosamond Mathison,7/30/2023,01JGGCHB9486SR1E7H65M9RATQ
Della,35,8,Modern Sarees,India,117,212,1324,Della Hagley,4/29/2023,01JGGCHB955A81G615WTZP6H1V
Kandy,22,4,Modern Sarees,India,7693,360,2347,Kandy MacGowan,8/22/2024,01JGGCHB96XZN4X5PB3HZ8DWD7
Maitilde,38,6,Embroidered Sarees,India,1697,233,2250,Maitilde Sooper,6/25/2022,01JGGCHB97WCENMJ6NEEQE6HWH
Wren,24,4,Embroidered Sarees,India,9387,282,3483,Wren Kettlesing,2/24/2024,01JGGCHB98WJJ400D2V9ZNRYP9
Cynthy,75,13,Embroidered Sarees,India,8147,244,114,Cynthy Novotni,12/26/2022,01JGGCHB9A5NNSK9MP06919YHN
Elsa,36,11,Cotton Sarees,India,2450,257,7880,Elsa Muckian,9/28/2024,01JGGCHB9BNQDG6V5D5FYPFMH2
Edyth,45,11,Embroidered Sarees,India,6553,219,6290,Edyth Belfit,3/3/2023,01JGGCHB9C1CZRZWP1Y56GN1B4
Brittney,21,7,Modern Sarees,India,8686,154,186,Brittney Pluck,12/3/2024,01JGGCHB9DSX9F0NXJQXXXRW0Q
Kamilah,34,10,Regional Specials,India,6046,321,9804,Kamilah Groger,3/17/2024,01JGGCHB9EEGZ39QTY962Z8PMT
Malynda,44,12,Silk Sarees,India,6328,9,9641,Malynda Uppett,11/25/2022,01JGGCHB9FSPJJ03RVMPX8MJTS
Chrystel,68,15,Modern Sarees,India,4572,72,7941,Chrystel Combes,11/5/2024,01JGGCHB9GZR2BPNW7X7W8928M
Kissee,26,3,Regional Specials,India,5796,1,9304,Kissee Hewertson,9/19/2024,01JGGCHB9H472JGP2PA48YN1NA
Elisabet,65,13,Embroidered Sarees,India,1615,332,3054,Elisabet Salle,4/24/2024,01JGGCHB9JBBTVCN6Z0SMNYVXD
Devonne,63,12,Silk Sarees,India,7211,130,8872,Devonne Quinlan,9/23/2023,01JGGCHB9K8WNNK7T235GD1FVC
Carina,77,14,Silk Sarees,India,1413,22,6322,Carina Gainseford,7/21/2023,01JGGCHB9ME8BEX8B5X6C157FP
Lulita,43,3,Embroidered Sarees,India,2279,301,5950,Lulita Brawn,10/24/2022,01JGGCHB9NBA8DF5KEP2AA8KSY
Franni,22,15,Silk Sarees,India,9627,14,2248,Franni Ewbank,9/20/2024,01JGGCHB9PBRJM0A7Z38XX48X3
Kirby,50,12,Modern Sarees,India,1853,310,2435,Kirby Bluck,9/15/2024,01JGGCHBA1N12FAY9V95TTCSSA
Dollie,52,3,Modern Sarees,India,6318,86,4900,Dollie Freeth,3/25/2024,01JGGCHBA2P7NYZ78EJY0DAXDT
Melony,45,11,Handloom Sarees,India,2848,42,1330,Melony Laytham,4/5/2024,01JGGCHBA3BE5W60NCQD1GJ2NV
Dorita,72,1,Cotton Sarees,India,5287,374,4171,Dorita Etuck,4/29/2023,01JGGCHBA4TEYS81VSYTEEB6C8
Lidia,28,6,Regional Specials,India,3007,169,8977,Lidia Mechell,1/20/2024,01JGGCHBA52GDE36NSRMC55VMT
Josi,77,7,Regional Specials,India,6160,168,7399,Josi Paulou,6/12/2023,01JGGCHBA6S9XVQV3XQF5Y81ED
Harlene,59,2,Handloom Sarees,India,5679,134,4181,Harlene Vakhrushin,4/11/2024,01JGGCHBA7EF444Y5WRX9ACKZ0
Annmaria,69,4,Cotton Sarees,India,9275,182,6355,Annmaria Crann,7/19/2022,01JGGCHBA8KXX0T0TG2MMEHP3H
Lorelle,45,10,Handloom Sarees,India,7732,52,7628,Lorelle Mougeot,2/23/2024,01JGGCHBA9C7CE2TNYQX572880
Ophelia,38,11,Cotton Sarees,India,8193,248,733,Ophelia Gash,6/11/2023,01JGGCHBAA4FEKWJAN0MQAW2TG
Vinita,44,15,Embroidered Sarees,India,2101,290,2595,Vinita Brookson,11/23/2024,01JGGCHBABJ4RJD94W7R6F7T0K
Jere,41,8,Modern Sarees,India,4280,20,4905,Jere Tregale,7/22/2024,01JGGCHBACEXJNKJDE31D0S13H
Charleen,39,3,Modern Sarees,India,8710,34,8129,Charleen Dirr,12/24/2024,01JGGCHBAENHK4KNF6AFFW1VP1
Kass,47,4,Silk Sarees,India,1690,259,5988,Kass Elvidge,11/16/2022,01JGGCHBAF302855B7XJEJMSNV
Alexa,49,8,Handloom Sarees,India,4101,291,5490,Alexa Haresnape,11/11/2023,01JGGCHBAGQBX7KGXAVX6ZF77G
Modestia,76,12,Regional Specials,India,2032,141,369,Modestia Stranaghan,10/3/2023,01JGGCHBAH2VPP3V4FESEN4GX2
Dacey,65,5,Modern Sarees,India,4693,81,2681,Dacey Trusslove,3/24/2023,01JGGCHBAJAPN1HACBEZ6TYZ25
Murial,71,4,Modern Sarees,India,4883,368,7820,Murial Dinsey,9/10/2022,01JGGCHBAKV1BF0QHPDDVVZREE
Marillin,39,9,Modern Sarees,India,6891,204,1463,Marillin Leggat,10/22/2023,01JGGCHBAMJRP61BESH35AJGF3
Janot,68,6,Modern Sarees,India,9950,185,2182,Janot Withur,12/20/2023,01JGGCHBAN5KYWREEQDE8MXBX1
Hester,45,10,Embroidered Sarees,India,1454,361,9146,Hester Tyght,8/9/2022,01JGGCHBAPM5WK59W3MWT0H5EM
Fernandina,61,9,Cotton Sarees,India,3355,83,814,Fernandina Marjanski,5/27/2023,01JGGCHBAQTQZQ46CM40J2K4VM
Sorcha,35,10,Modern Sarees,India,8981,297,3645,Sorcha Waymont,12/16/2022,01JGGCHBAR60Z69J4NAGEMWFAR
Rica,40,9,Regional Specials,India,9982,101,1278,Rica De Coursey,5/28/2023,01JGGCHBASHYS8BFC3HSPGBYXJ
Norine,43,15,Handloom Sarees,India,7710,366,8404,Norine Denington,6/7/2024,01JGGCHBATQD2GTJQ7TJ5J2K3W
Camila,26,6,Regional Specials,India,8765,236,9830,Camila Campagne,8/11/2022,01JGGCHBAW04SZNWXV6TTMMCVV
Hazel,61,7,Regional Specials,India,4860,118,1755,Hazel Caunt,9/4/2023,01JGGCHBAX1RT6AXEQ8ES82S1N
Chrissy,62,11,Embroidered Sarees,India,2255,266,3506,Chrissy Ruprecht,5/13/2023,01JGGCHBAYPXPRM7FT6NM30KAN
Kata,23,5,Silk Sarees,India,6854,19,8241,Kata Moore,4/11/2024,01JGGCHBAZ0FZ0HKHYVQCPN62W
Johnna,53,2,Regional Specials,India,6988,175,889,Johnna Wharfe,8/12/2024,01JGGCHBB0692XEPK103HGJV05
Lanita,54,8,Handloom Sarees,India,3043,114,544,Lanita Slocket,4/16/2023,01JGGCHBB19TQ2RXDNZCFBSZ48
Verla,67,3,Modern Sarees,India,5484,269,5271,Verla Stamper,10/10/2022,01JGGCHBB2D904Y1J91A091GSE
Sibylle,77,13,Modern Sarees,India,9988,390,4519,Sibylle Newling,10/16/2024,01JGGCHBB3TG3RP6FSTMKKN1SF
Yettie,75,11,Silk Sarees,India,4317,223,8201,Yettie Wooderson,12/21/2024,01JGGCHBB4P5ANR6441GC4B9ND
Cornie,46,11,Modern Sarees,India,9208,348,5877,Cornie Crisell,12/31/2023,01JGGCHBB5V9FMWJG1T29CAV8F
Jenine,31,6,Regional Specials,India,9024,254,4181,Jenine Jacobovitz,10/2/2023,01JGGCHBB6Q887YWV7AAWN535A
Robbie,62,15,Handloom Sarees,India,3578,192,9522,Robbie Beech,8/13/2023,01JGGCHBB7PS7HH8JFGQTYKZGS
Neila,26,15,Embroidered Sarees,India,1807,14,7204,Neila Djorvic,9/21/2024,01JGGCHBB8R8A76NH1633Y6FZT
Nanci,40,6,Handloom Sarees,India,8596,133,3044,Nanci Kirkbride,4/17/2023,01JGGCHBB9AHSWY6MHDR8BTZV9
Estrellita,77,1,Regional Specials,India,3365,72,2131,Estrellita Adair,9/28/2024,01JGGCHBBAJ3M4PM9BR5B705QH
Maudie,41,9,Cotton Sarees,India,1219,153,631,Maudie Dagleas,2/15/2023,01JGGCHBBB46Y3JVG4B43NDEM4
Druci,80,11,Handloom Sarees,India,4652,52,9547,Druci Yancey,4/26/2023,01JGGCHBBCBFX311631M4XV1N2
Jobye,29,3,Embroidered Sarees,India,8427,344,2054,Jobye Oxtaby,9/26/2024,01JGGCHBBDPTZYTKD4WGHW4T3Y
Doralynne,80,5,Cotton Sarees,India,3512,145,5483,Doralynne Kluge,1/10/2023,01JGGCHBBEFVE0TJTH89KGNG9A
Alessandra,65,5,Silk Sarees,India,347,210,8615,Alessandra Jolland,12/11/2022,01JGGCHBBFSZNMJAPY66GAR4XD
Lauryn,40,14,Cotton Sarees,India,9682,118,2263,Lauryn Wale,8/3/2024,01JGGCHBBG7V6K7N1070DK047D
Halette,73,3,Regional Specials,India,2247,181,8484,Halette Fidell,6/18/2024,01JGGCHBBHVD2TS0C3YBY7H3K7
Seana,29,12,Cotton Sarees,India,7397,301,5004,Seana Varden,4/8/2023,01JGGCHBBKPK9S6Y34FVEV3SCH
Leann,57,7,Embroidered Sarees,India,4895,164,6298,Leann Fearnyhough,5/13/2024,01JGGCHBBM83QVJ9KSFRF5B8NY
Yetta,32,3,Modern Sarees,India,7870,289,9375,Yetta Elgy,7/9/2024,01JGGCHBBN4W1K227TMWG19M89
Courtnay,71,3,Regional Specials,India,5863,91,142,Courtnay Christofle,4/24/2023,01JGGCHBBP1PMCTPQQVRYQE95R
Nanci,74,4,Regional Specials,India,5778,52,7267,Nanci Truscott,8/10/2022,01JGGCHBBQ566CR6VGAQG4QG73
Laurianne,47,14,Handloom Sarees,India,7052,50,6212,Laurianne Kleen,12/30/2024,01JGGCHBBRXSDNG6MB3YBJWHAG
Gusti,36,15,Handloom Sarees,India,7202,225,3297,Gusti Kensington,10/5/2023,01JGGCHBBS7QBC77N7B2FS9YPA
Jeanie,64,9,Cotton Sarees,India,1335,337,4358,Jeanie Mouget,8/6/2023,01JGGCHBBTRP63MJQS13Z4GPCN
Iona,77,9,Silk Sarees,India,6795,379,9255,Iona McMearty,7/22/2023,01JGGCHBBV2EEYM67RGSAV2A3N
Florinda,29,13,Embroidered Sarees,India,873,399,5025,Florinda Byatt,4/17/2023,01JGGCHBBXMK8JGH77YS0MMFFY
Nani,35,11,Regional Specials,India,198,138,6734,Nani Rembaud,11/13/2024,01JGGCHBBYYD01R9GWDQ8XSQHJ
Jazmin,62,14,Modern Sarees,India,4869,98,8000,Jazmin Blampy,12/12/2022,01JGGCHBBZP7R2CFMD3J3JRYCN
Marya,24,6,Silk Sarees,India,7709,297,442,Marya Syddall,3/2/2023,01JGGCHBC0Z07Z4RP27MYP2SZT
Dodie,70,8,Modern Sarees,India,3753,54,4019,Dodie Frounks,11/22/2024,01JGGCHBC172128H6GFP8WMAYS
Genna,49,1,Modern Sarees,India,7218,256,2419,Genna Immins,3/16/2024,01JGGCHBC2CWHQ8HS5SQRA2GDM
Betti,29,15,Handloom Sarees,India,315,377,668,Betti Luckin,12/10/2023,01JGGCHBC3S4FXGEFS6KAMW3QH
Hildy,31,5,Cotton Sarees,India,5352,301,7800,Hildy Seton,12/26/2022,01JGGCHBC4M4FX504CG9BR63X3
Camille,24,6,Handloom Sarees,India,624,7,5468,Camille Gratland,9/25/2023,01JGGCHBC563A2MHB7YM1V0KQ2
Marleah,35,7,Silk Sarees,India,6946,5,8963,Marleah Freestone,9/14/2022,01JGGCHBC67YRF70J94GZA9RW5
Vera,57,6,Regional Specials,India,7409,377,5977,Vera De Malchar,8/26/2022,01JGGCHBC7B22QVMMWCRSDVV0R
Stafani,66,7,Cotton Sarees,India,113,198,5613,Stafani Langcastle,9/20/2022,01JGGCHBC8VSP1S3BEN2DDCF5N
Nettie,71,6,Embroidered Sarees,India,3207,142,4501,Nettie Glossup,2/14/2024,01JGGCHBC9ZWVDRN1CN48A3GBV
Shandee,60,1,Silk Sarees,India,1183,93,851,Shandee Jaggers,10/26/2024,01JGGCHBCABZC7ZBVKBERYYRG5
Cherish,52,2,Regional Specials,India,883,365,4325,Cherish Westhead,12/20/2023,01JGGCHBCB4ZXQ58DAT6BMND5G
Reina,62,12,Regional Specials,India,6796,78,43,Reina Antham,12/31/2023,01JGGCHBCCEG11WFYGDRBWJXKF
Addie,27,1,Handloom Sarees,India,3053,65,7949,Addie Greenalf,2/1/2023,01JGGCHBCDEDE0GC74683A0ENS
Marna,35,10,Modern Sarees,India,7989,232,4982,Marna Sepey,8/27/2024,01JGGCHBCEVB25P4S2Y46Z5EZH
Rhodie,31,9,Handloom Sarees,India,1917,374,1106,Rhodie Filyukov,1/11/2024,01JGGCHBCFN0MPW7CJN7XFG4SA
Agathe,28,5,Handloom Sarees,India,9466,314,9697,Agathe Grason,3/3/2024,01JGGCHBCH43H2YZ7BPQMYEBZN
Josepha,69,14,Cotton Sarees,India,3868,249,3315,Josepha Rappa,4/16/2024,01JGGCHBCJYYC0HZ2YM8HJYF5H
Melantha,78,4,Embroidered Sarees,India,1023,117,9853,Melantha Catteroll,12/2/2024,01JGGCHBCKE3DWK7BZVC017GX2
Issi,47,14,Cotton Sarees,India,1660,217,8917,Issi Medford,9/10/2023,01JGGCHBCMPZ7Y1YA7CW6PQVC0
Minerva,71,2,Cotton Sarees,India,8493,56,3434,Minerva Cominello,11/10/2024,01JGGCHBCNMH083TYG15TSWWV5
Carmel,55,14,Silk Sarees,India,372,331,2304,Carmel Sagg,12/2/2023,01JGGCHBCP1YRV89QKKFVDNF9G
Tanhya,23,14,Cotton Sarees,India,3667,264,3860,Tanhya Ivanyutin,8/15/2024,01JGGCHBCQ9CW923DPPY78JDMG
Alicea,73,7,Modern Sarees,India,8086,107,8205,Alicea Bernini,9/12/2023,01JGGCHBCRN09QAQR10265KPXR
Flo,62,1,Cotton Sarees,India,6671,333,8834,Flo Howat,3/8/2024,01JGGCHBCSBD0GEKHFEX3FDK4S
Korry,64,12,Regional Specials,India,7041,185,4607,Korry MacAskie,7/3/2022,01JGGCHBCTK045Y6Z0JEK20HKV
Angelika,45,1,Regional Specials,India,6986,25,4450,Angelika Vernazza,8/5/2022,01JGGCHBCVNTECVNGGX88EQHV5
Charis,61,5,Regional Specials,India,2887,70,8194,Charis O'Flaherty,8/29/2022,01JGGCHBCWBH94F7XACYB31A0X
Fifi,28,5,Modern Sarees,India,1741,123,8095,Fifi Farquarson,11/7/2022,01JGGCHBCX8YA99QRB5ZTDAD1Z
Lorrie,32,10,Regional Specials,India,7911,361,6964,Lorrie Edgell,3/7/2024,01JGGCHBCZPG7F7B99D3CXAFK9
Alexandra,25,3,Modern Sarees,India,6260,39,8328,Alexandra Buxy,12/21/2022,01JGGCHBD0SH90F649ZRH4X8WX
Judy,40,3,Silk Sarees,India,6973,33,5566,Judy Scallon,9/9/2022,01JGGCHBD29A0HMJBBD4TYGNBG
Yovonnda,43,11,Modern Sarees,India,6607,172,3325,Yovonnda Calan,7/6/2024,01JGGCHBD33Y186ER0Y5PQ48CB
Tobi,26,7,Silk Sarees,India,9035,12,550,Tobi MacKim,9/5/2022,01JGGCHBD4X2DJMCAC57S4H0H9
Euphemia,57,9,Cotton Sarees,India,665,95,7013,Euphemia Vasyushkhin,11/24/2024,01JGGCHBD52XFD8XKNM0X7YW58
Shelby,50,9,Modern Sarees,India,6905,149,8019,Shelby Organ,12/20/2022,01JGGCHBD6YRYC98DRMGXZTRPR
Erinn,46,11,Handloom Sarees,India,6244,7,7829,Erinn Male,8/19/2022,01JGGCHBD7848GCXGQNVQQ3WHJ
Devinne,55,10,Regional Specials,India,487,168,7255,Devinne McDaid,9/2/2023,01JGGCHBD8QYECJXFTYW8JN92J
Linnet,51,6,Modern Sarees,India,6535,69,6639,Linnet Ogborne,3/15/2023,01JGGCHBD9KAFR2BN67AHSBSQ3
Denna,32,7,Modern Sarees,India,3848,321,255,Denna De Gregorio,3/27/2023,01JGGCHBDAYQ7WXSTAJQREM3QH
Allis,67,9,Cotton Sarees,India,9304,357,7454,Allis Chimes,2/5/2023,01JGGCHBDC3RSKYYPYD9QQC40Y
Hendrika,38,2,Embroidered Sarees,India,1834,212,5107,Hendrika Furmage,11/30/2024,01JGGCHBDE4SHN5AYRM19763FP
Veriee,65,7,Regional Specials,India,7701,299,751,Veriee Rheaume,4/27/2024,01JGGCHBDF6MFF5WM6TTXBV93J
Irina,38,7,Regional Specials,India,6371,372,193,Irina Menure,11/24/2022,01JGGCHBDGPZSENS43AGQHN9RM
Cloris,22,3,Silk Sarees,India,8154,0,3358,Cloris Heyns,12/13/2023,01JGGCHBDH8WS5HX6HFDWJ56F0
Melissa,68,11,Regional Specials,India,3608,215,7579,Melissa Janata,1/12/2023,01JGGCHBDJ3C725PCYHZ6XPR0J
Sasha,34,5,Modern Sarees,India,4647,136,5627,Sasha Banasevich,3/21/2023,01JGGCHBDKZ0XMGB01QK3XZZMC
Shelly,49,11,Regional Specials,India,7309,349,2436,Shelly Rubartelli,6/27/2024,01JGGCHBDMAAX7BQBD41YASV6M
Adrienne,76,7,Handloom Sarees,India,4609,221,9531,Adrienne Simmen,3/30/2023,01JGGCHBDNAB13RTAB9GRK7G0X
Marlena,27,4,Modern Sarees,India,3781,204,4883,Marlena Longden,7/5/2023,01JGGCHBDPEDJ7YHY8MB9W0S3F
Mella,71,9,Silk Sarees,India,4414,282,3330,Mella Brehaut,8/8/2023,01JGGCHBDQ0G51Y4D08SW0GXJ9
Thomasa,75,4,Cotton Sarees,India,5136,160,6497,Thomasa Connett,7/7/2023,01JGGCHBDRND735J5CDDMKCB11
Carlin,22,5,Handloom Sarees,India,5152,8,8199,Carlin Houndesome,10/2/2024,01JGGCHBDSQ0TNNSS8W1Q630AM
Eulalie,64,9,Embroidered Sarees,India,7620,112,4361,Eulalie Bunclark,7/28/2023,01JGGCHBDTC8X4EY4FPJP8FQYC
Wenda,79,12,Cotton Sarees,India,6214,226,6921,Wenda Stanion,10/1/2023,01JGGCHBDVNKRRQRE53T5JYY02
Sandye,63,7,Embroidered Sarees,India,5033,131,3864,Sandye Ezzy,9/29/2023,01JGGCHBDX9VF59WS8MWNB25W8
Sabra,79,1,Handloom Sarees,India,281,313,6056,Sabra Relfe,7/11/2023,01JGGCHBDYY1QY3WXKQAZ1RVYV
Johanna,56,3,Embroidered Sarees,India,9473,96,9733,Johanna Sarah,10/7/2023,01JGGCHBDZ9X8SSKQ8JEJJCM2X
Denice,77,4,Embroidered Sarees,India,3086,10,2154,Denice Garnett,3/12/2023,01JGGCHBE1C34CRKK1TP5SDY12
Allina,56,3,Embroidered Sarees,India,4625,207,156,Allina Stoddard,4/13/2024,01JGGCHBE2W8Q2PKXXQ26MDR6G
Michell,69,9,Silk Sarees,India,1768,359,9921,Michell Probat,6/6/2024,01JGGCHBE3R13WZ8XBW6S88NA7
Marni,25,6,Handloom Sarees,India,4400,290,8872,Marni Goodbanne,1/13/2024,01JGGCHBE4G1CGRXEM41TAN3KM
Isabelita,40,13,Modern Sarees,India,954,357,2101,Isabelita Surphliss,12/4/2024,01JGGCHBE5QECWGV8PH7N11AFZ
Emmye,74,4,Silk Sarees,India,7234,243,2367,Emmye Vines,4/4/2024,01JGGCHBE609APPM7P7XFYJ8AD
Kristan,34,6,Embroidered Sarees,India,4969,189,3020,Kristan Everiss,12/31/2022,01JGGCHBE7MAC0SXMEREDG4B1M
Kip,58,4,Silk Sarees,India,8113,87,2788,Kip Dignon,4/24/2024,01JGGCHBE8Y4WV44YX78E3JJVR
Tatiania,31,4,Cotton Sarees,India,7128,95,5577,Tatiania Bridal,5/24/2023,01JGGCHBE9PKEEG2VMT7NM4FXD
Heidi,55,5,Modern Sarees,India,9537,96,5818,Heidi Tilne,5/17/2023,01JGGCHBEA1RB3T07Z2873WA4P
Margi,77,5,Embroidered Sarees,India,5392,175,6571,Margi Attewill,7/4/2024,01JGGCHBEBZ9ANW75C3YE1GCQM
Audra,47,10,Cotton Sarees,India,4073,294,8943,Audra Rostron,12/9/2022,01JGGCHBEDRDRTJTBQDCC9ETV9
Felicdad,63,13,Modern Sarees,India,3490,213,5040,Felicdad Dumbare,5/4/2023,01JGGCHBEEZSX4G7DC5KV4XMM9
Zarah,44,2,Silk Sarees,India,9797,264,1966,Zarah Bloodworth,4/27/2024,01JGGCHBEFJM2KH1RRFEHSY1BS
Myrtia,27,14,Silk Sarees,India,9947,65,8441,Myrtia Mazey,3/4/2024,01JGGCHBEGM0K87GXJCA9QAC7Z
Siobhan,56,6,Modern Sarees,India,888,265,5170,Siobhan Sellick,5/5/2024,01JGGCHBEHGDBWK3D3G5TCDYJY
Thomasa,70,11,Modern Sarees,India,7880,207,6195,Thomasa Bascomb,4/13/2023,01JGGCHBEJ7A44Y2J0CDFZ9CYD
Vicki,37,10,Silk Sarees,India,9917,31,7327,Vicki Alfonsetto,9/19/2022,01JGGCHBEKCNQKBVRPJ0CQM4YV
Terrie,79,2,Embroidered Sarees,India,9712,225,2824,Terrie Jepensen,4/1/2024,01JGGCHBEMHJZ8MEPTZ63M0XPE
Florance,78,13,Cotton Sarees,India,6194,165,9074,Florance Taft,8/3/2024,01JGGCHBENZCYBDZT7C96JGBF6
Leelah,48,8,Cotton Sarees,India,7114,218,6550,Leelah Crimmins,2/4/2024,01JGGCHBEPGMS06MVJXMJ8X4D1
Clareta,73,4,Regional Specials,India,2684,154,6310,Clareta Dredge,12/20/2024,01JGGCHBEQ9QBCJPVTB782303G
Fanchette,40,6,Silk Sarees,India,457,201,298,Fanchette Von Der Empten,8/3/2022,01JGGCHBER7KV8NFTKSVG16WJX
Milissent,57,9,Cotton Sarees,India,6000,331,8878,Milissent De Paepe,12/18/2023,01JGGCHBETCZSDA2A0J28B9YVF
Hana,38,5,Handloom Sarees,India,3663,13,9247,Hana Norssister,7/30/2023,01JGGCHBEVJ8NFC05YRR1FVP1T
Esme,53,5,Silk Sarees,India,265,225,7400,Esme Humble,7/18/2022,01JGGCHBEWQH7C5GYHCVV7JQBE
Celle,22,6,Handloom Sarees,India,9718,88,3870,Celle Newvill,12/2/2023,01JGGCHBEXW24NZQWDC478YCM3
Edie,34,4,Modern Sarees,India,5880,87,6622,Edie Doswell,11/1/2023,01JGGCHBEYZXGBDMM9VJTM3NHH
Selene,80,10,Regional Specials,India,8491,44,1360,Selene Berget,8/27/2022,01JGGCHBEZY28FVQ12QV287MVB
Denice,63,11,Regional Specials,India,4219,323,7868,Denice Rissom,1/30/2024,01JGGCHBF0C0GB1TXVNND3GEKM
Robinet,20,4,Embroidered Sarees,India,9904,124,7498,Robinet Threadgold,6/22/2024,01JGGCHBF196W6T8YYZCWTWG4B
Gretchen,27,9,Cotton Sarees,India,6149,235,2321,Gretchen Campbell,8/2/2022,01JGGCHBF2DKFY0WXFWJT6TDGZ
Lina,36,12,Handloom Sarees,India,5155,208,1841,Lina Clubbe,7/1/2023,01JGGCHBF3PNTY8SH4KP5WTPHP
Dyana,77,1,Modern Sarees,India,8871,125,6443,Dyana Veart,2/7/2024,01JGGCHBF4095Y3HQ475RKNXAC
Lynde,52,7,Modern Sarees,India,4749,151,2061,Lynde Baish,11/21/2023,01JGGCHBF61MGJNSDE1SR8ASEB
Reggie,22,13,Cotton Sarees,India,7108,2,813,Reggie Skeates,7/27/2022,01JGGCHBF7A7X8VGN4DE404AHT
Sherri,62,14,Cotton Sarees,India,106,248,1585,Sherri Bordes,6/30/2024,01JGGCHBF85VREQTRV8SES53EK
Ailina,33,6,Modern Sarees,India,8018,318,6795,Ailina Patron,3/7/2023,01JGGCHBF95MBJME5S0RS8XXCF
Leta,45,13,Silk Sarees,India,7262,151,3525,Leta Bessell,9/27/2023,01JGGCHBFAYM4346ATKDZ686BK
Mae,60,6,Regional Specials,India,2935,7,7343,Mae Newport,7/22/2023,01JGGCHBFBR3P48GCRM5B6237T
Vanni,65,3,Modern Sarees,India,6932,385,7928,Vanni Trodler,11/7/2022,01JGGCHBFCE5HDBB876TM6HDGT
Helenka,35,14,Regional Specials,India,1357,80,9699,Helenka Morrice,7/9/2024,01JGGCHBFDS8SCY7HNAV0B7S80
Casey,64,4,Modern Sarees,India,2767,212,17,Casey Upstell,11/29/2024,01JGGCHBFEGDAHMKVHPM6QZ5SK
Cherise,22,5,Cotton Sarees,India,369,337,36,Cherise Najafian,9/11/2023,01JGGCHBFF44RRVXJAJ96KHH09
Fedora,33,4,Modern Sarees,India,233,326,3170,Fedora Gaenor,6/22/2023,01JGGCHBFGZPPE7YJZXXNJC12B
Fawn,23,15,Modern Sarees,India,3077,195,4864,Fawn Roches,10/26/2022,01JGGCHBFHSEBTVSD18WW33T86
Devonne,75,7,Regional Specials,India,4062,65,2260,Devonne Hartgill,1/14/2023,01JGGCHBFJE9E7NTR9RC4Y5BCZ
Kirsten,42,2,Embroidered Sarees,India,7944,149,1823,Kirsten Weeds,3/15/2023,01JGGCHBFKRTH9WXB2EHB5FK7H
Eolanda,36,3,Cotton Sarees,India,2509,78,895,Eolanda Hulse,7/18/2023,01JGGCHBFMGESGNCDBHT81KRR2
Babb,43,4,Cotton Sarees,India,9500,161,7582,Babb Dood,4/24/2023,01JGGCHBFNRGK15RMGWTJDSY2R
Michelle,25,4,Handloom Sarees,India,3305,291,6493,Michelle Silburn,1/31/2023,01JGGCHBFPKKQS33A1RFARJ9V5
Bethanne,34,8,Embroidered Sarees,India,5732,225,2202,Bethanne Roswarn,8/31/2023,01JGGCHBFQ4D6TVCV7T98MVGHP
Francisca,78,7,Handloom Sarees,India,3723,377,3593,Francisca Caret,3/5/2023,01JGGCHBFRN9A4X4P0M1T7V41D
Karmen,30,14,Silk Sarees,India,3190,3,2353,Karmen MacPike,4/16/2023,01JGGCHBFTRH0A3NY4MZK6NNP1
Karry,54,15,Silk Sarees,India,3286,46,9283,Karry Pettegree,12/5/2022,01JGGCHBFV3AJ304K5GAAQBNJ5
Caryl,56,7,Handloom Sarees,India,8867,248,7966,Caryl Smiley,8/18/2023,01JGGCHBFW55RJX9C8QC4BJEX9
Kendra,20,4,Modern Sarees,India,7255,38,6436,Kendra Balam,6/20/2024,01JGGCHBFXHTAJA4F9AM9HZS1G
Gerry,44,1,Silk Sarees,India,5762,209,719,Gerry Comar,3/9/2023,01JGGCHBFY89W30SSBY37H3RN7
Myrtie,31,1,Silk Sarees,India,1083,388,7092,Myrtie Mallabon,1/31/2023,01JGGCHBFZDV524FRF1RN4G97K
Kathye,68,1,Handloom Sarees,India,9164,127,1931,Kathye MacAlpine,1/12/2024,01JGGCHBG05R519C4SXKWED0G2
Eudora,68,2,Cotton Sarees,India,1602,3,9411,Eudora Crose,6/26/2022,01JGGCHBG11R6T24F7ZD5HHGKD
Averil,80,7,Handloom Sarees,India,2605,294,3790,Averil Possek,7/12/2023,01JGGCHBG2NBW38QV4YQK2FAAN
Lenora,39,13,Modern Sarees,India,8191,259,7148,Lenora Martynov,3/24/2023,01JGGCHBG3WTT73ZW3MFRDYP7C
Nelli,29,10,Embroidered Sarees,India,2796,37,8726,Nelli Hoy,10/11/2024,01JGGCHBG4BE9NQDMM10V0ST2N
Morgen,34,9,Modern Sarees,India,5159,372,4310,Morgen Taks,12/13/2024,01JGGCHBG563Q4TE1VQ70KQEGD
Blinni,32,1,Embroidered Sarees,India,4119,351,35,Blinni Arlett,5/20/2024,01JGGCHBG655SQZ65TB2PWKAK8
Karleen,64,8,Regional Specials,India,1175,394,4221,Karleen Claiden,6/28/2022,01JGGCHBG7NS3X2ABCDQCQ04E6
Carmella,64,3,Embroidered Sarees,India,2277,176,9139,Carmella Steers,9/28/2024,01JGGCHBG8EG1WC6W08V0J23ZQ
Jillie,54,1,Regional Specials,India,4690,45,6772,Jillie Chrichton,9/5/2023,01JGGCHBG92J1JETJTRD0J2H8B
Birgitta,57,11,Handloom Sarees,India,518,253,1357,Birgitta Blundon,7/22/2024,01JGGCHBGAGBJDM13KSYN02E52
Mariya,49,1,Regional Specials,India,8924,15,125,Mariya Kiraly,10/18/2024,01JGGCHBGB3FR4GPCGTB5FPTE1
Christel,45,10,Modern Sarees,India,2391,158,9764,Christel Pentycross,7/21/2022,01JGGCHBGDSZRYA9H5SQKCDA2K
Aleece,70,9,Embroidered Sarees,India,7894,158,3662,Aleece Fernando,10/3/2024,01JGGCHBGEN0EC3BGJ7GHKFAGN
Katy,71,6,Modern Sarees,India,689,52,8680,Katy Bonsall,12/13/2022,01JGGCHBGFEGMMES4R3HD463AN
Marabel,37,10,Handloom Sarees,India,7127,157,1775,Marabel Stang-Gjertsen,10/15/2024,01JGGCHBGGNRKG76BV41X1W321
Petronia,33,2,Handloom Sarees,India,7215,291,2822,Petronia Ogus,2/9/2023,01JGGCHBGHXYPBE86DE7W00H4A
Nesta,23,1,Modern Sarees,India,4356,79,4625,Nesta Roughey,10/14/2022,01JGGCHBGJF1DN65D9ABZH0Y1M
Janie,68,8,Handloom Sarees,India,1305,13,2040,Janie Petican,12/22/2023,01JGGCHBGKMH2DNENGWKW3Y1N5
Mirabel,23,4,Handloom Sarees,India,3318,188,6148,Mirabel Vivien,9/11/2024,01JGGCHBGMAFXBNN0X6PBVMQ9H
Darsie,60,13,Modern Sarees,India,8905,321,6789,Darsie Gregorace,6/7/2024,01JGGCHBGNYVPZPV6MGQWEN0XY
Natalee,24,10,Embroidered Sarees,India,4923,278,3009,Natalee Borkin,11/5/2023,01JGGCHBGPWG1MGJB9CM47D0EZ
Erminie,66,1,Handloom Sarees,India,3606,233,4417,Erminie Dionsetto,5/10/2024,01JGGCHBGQFGWR7HFS311ZHN62
Mercedes,42,11,Regional Specials,India,9537,189,3058,Mercedes Whitcher,11/27/2022,01JGGCHBGRWYV0XYTAF3G4Z9AV
Kathy,44,1,Modern Sarees,India,2315,378,8713,Kathy Goaley,11/12/2024,01JGGCHBGS14RY4C83JYXPR6WQ
Ariadne,42,8,Regional Specials,India,2542,337,2145,Ariadne De Bruin,7/31/2023,01JGGCHBGT742VEMHSBXDDKHYM
Belia,64,2,Embroidered Sarees,India,739,223,2536,Belia Jina,2/22/2024,01JGGCHBGW2DZXZB3J2YN6FMQ5
Arlen,46,11,Embroidered Sarees,India,5460,220,6902,Arlen Deaville,4/28/2024,01JGGCHBGXBBRQ2JBF9B0K6TQD
Harlie,66,9,Modern Sarees,India,8820,340,1201,Harlie Ventum,2/21/2023,01JGGCHBGY4ZFQXQ4GK6H1026F
Brynne,36,11,Modern Sarees,India,6940,54,6675,Brynne Bowcher,7/8/2022,01JGGCHBGZ1PK7TY171Z7HJXB3
Melita,54,11,Cotton Sarees,India,3594,94,6494,Melita Gallegos,8/3/2022,01JGGCHBH0DD60H9QZ9HANSSEV
Willabella,38,2,Silk Sarees,India,7527,260,7493,Willabella Maltster,9/29/2022,01JGGCHBH14VNXBYK4JEN4PENH
Veronika,55,4,Embroidered Sarees,India,7859,392,4791,Veronika Stelljes,9/4/2024,01JGGCHBH2Q0BKCF8SW9BM7A37
Modestia,60,1,Cotton Sarees,India,4718,192,5642,Modestia McCumesky,9/10/2024,01JGGCHBH3R2GDK7N50MPD421E
Shannah,28,1,Handloom Sarees,India,4453,351,800,Shannah Le Hucquet,11/1/2023,01JGGCHBH4F01VGNQTSMK4DE4H
Willetta,64,4,Regional Specials,India,2253,44,4002,Willetta Ferro,9/15/2023,01JGGCHBH5VWYP4E9RZ1HDZRR8
Missie,69,14,Modern Sarees,India,8265,152,3904,Missie Diglin,10/22/2022,01JGGCHBH62088B324X0B5M8ZX
Lela,37,2,Cotton Sarees,India,1804,145,8591,Lela Smitton,3/2/2023,01JGGCHBH7VEXKNG45KX1X5EHB
Leeanne,42,13,Silk Sarees,India,5796,312,8168,Leeanne Caras,8/15/2022,01JGGCHBH8STWYWZQTQ0PDET06
Zonda,74,8,Cotton Sarees,India,4226,15,2098,Zonda Kwiek,9/13/2023,01JGGCHBH96W8ADZM5Z7Y0NA6C
Carly,51,15,Silk Sarees,India,7571,29,7521,Carly Dursley,8/25/2022,01JGGCHBHATGCWW9P33K5QBYBS
Sadella,26,13,Silk Sarees,India,696,72,9602,Sadella Lidgey,10/25/2023,01JGGCHBHC60VX3X9G9H4YRYNA
Justine,55,5,Cotton Sarees,India,8820,39,8326,Justine Ney,8/10/2023,01JGGCHBHDPVH08N13WVGYG2VP
Tally,74,2,Cotton Sarees,India,7556,17,5931,Tally Palmer,7/13/2024,01JGGCHBHE1ZJSVE0FF6792QX5
Cristen,29,15,Regional Specials,India,4023,80,1171,Cristen Justis,8/31/2024,01JGGCHBHF2D0F1T3EQ8NCVVQ9
Edyth,23,5,Embroidered Sarees,India,2479,13,3935,Edyth Hargreaves,4/3/2024,01JGGCHBHG9JZB182ZW7FP1FH6
Shaina,65,12,Regional Specials,India,8644,236,9165,Shaina Comiskey,8/9/2024,01JGGCHBHH4MFP93SWCE93W7PK
Janeczka,75,11,Embroidered Sarees,India,7583,258,4349,Janeczka Duckerin,7/10/2024,01JGGCHBHJMZR1AV2101KGV292
Fayre,69,12,Silk Sarees,India,397,317,5473,Fayre Rippin,9/20/2024,01JGGCHBHK214GCPCDGGC3P6KB
Jenny,22,3,Regional Specials,India,8088,334,849,Jenny Pretorius,4/19/2023,01JGGCHBHMCEJYDN8CDGAFKWZZ
Tomasine,24,15,Cotton Sarees,India,7163,88,1982,Tomasine Brownhill,4/19/2024,01JGGCHBHNJAGTRP19CDJDH25F
Bobine,57,9,Regional Specials,India,5213,130,1854,Bobine Shrubsall,3/3/2023,01JGGCHBHPMQHTT30CP95YPM3T
Rachelle,20,7,Modern Sarees,India,7609,32,7805,Rachelle Eagling,9/20/2023,01JGGCHBHQZF9YD4JJR60SHP8C
Jemmy,39,1,Embroidered Sarees,India,369,127,483,Jemmy Sacker,7/3/2024,01JGGCHBHRQ1VC7HBQ92FTV4SQ
Saundra,27,14,Regional Specials,India,7689,121,7251,Saundra Lowman,5/15/2023,01JGGCHBHS8T64XEVHFV0GM28Z
Domeniga,29,10,Cotton Sarees,India,6153,347,4002,Domeniga Bearfoot,3/23/2024,01JGGCHBHVVA94W8FXQTM0YPXW
Cara,80,5,Modern Sarees,India,6444,165,87,Cara Henric,11/27/2022,01JGGCHBHW7TD1BG09TY3QZ15W
Dedra,55,3,Embroidered Sarees,India,6210,37,9020,Dedra Cowill,9/12/2023,01JGGCHBHX1T6GRWBM6PSW2T5V
Norrie,36,13,Embroidered Sarees,India,4942,119,4421,Norrie Faloon,9/16/2024,01JGGCHBHYX2RSB0EENCT6PX6K
Barbette,59,3,Handloom Sarees,India,850,21,3305,Barbette Tarbin,8/17/2022,01JGGCHBHZKH2VDP27XQDYQHY6
Gussi,42,10,Embroidered Sarees,India,4120,4,8254,Gussi Connold,3/31/2023,01JGGCHBJ0W2EWCXCX4XSPWF2X
Delores,68,10,Regional Specials,India,4375,155,7798,Delores Belfelt,3/4/2024,01JGGCHBJ1A62GJQRV0ZZVJXTM
Saloma,27,11,Silk Sarees,India,7434,365,8468,Saloma Crittal,11/2/2022,01JGGCHBJ21ATFKDBQCGGVWJX9
Kiah,29,8,Handloom Sarees,India,7024,353,1609,Kiah Layne,5/24/2023,01JGGCHBJ34GMVZJGDVZG8CN52
Harriott,62,6,Regional Specials,India,5316,136,5978,Harriott Riepel,7/6/2022,01JGGCHBJ47JP289JPPGFM8B8N
Annice,38,3,Handloom Sarees,India,6033,52,1835,Annice Jollands,4/29/2024,01JGGCHBJ5MNC5ZCCPJV67C9R4
Mallorie,39,7,Handloom Sarees,India,6943,396,2270,Mallorie Merrett,6/18/2023,01JGGCHBJ6Z6XBT5DW2Z3HNEAR
Buffy,32,14,Handloom Sarees,India,922,342,4460,Buffy Fragino,7/22/2024,01JGGCHBJ70TPZWBMDENRDTJ40
Verile,41,13,Handloom Sarees,India,7770,276,6451,Verile Buyers,9/5/2022,01JGGCHBJ8REH0J54EMKK14JRT
Jeni,66,12,Regional Specials,India,7712,135,822,Jeni Spurdon,12/24/2024,01JGGCHBJ91S6NDDR8N45X0WWP
Deanna,67,9,Embroidered Sarees,India,2232,4,8558,Deanna Fillis,9/30/2022,01JGGCHBJA2TK53T2K767JQN5R
Mable,42,12,Regional Specials,India,3932,175,7580,Mable Melrose,9/3/2023,01JGGCHBJBAZ7S8J5RC1GZAWWZ
Kelsi,77,9,Handloom Sarees,India,8238,155,8065,Kelsi Coffee,11/1/2024,01JGGCHBJC6V9BWTHRMBFTWR8Q
Alyss,64,13,Embroidered Sarees,India,3173,154,1899,Alyss Bowering,7/15/2023,01JGGCHBJEW1DPMZRFNH6Y59XJ
Hillary,52,14,Handloom Sarees,India,1472,248,3044,Hillary Powder,9/13/2022,01JGGCHBJF18MT4NMCSEZG70ZA
Penelope,50,2,Embroidered Sarees,India,2418,162,4858,Penelope Archdeacon,7/18/2022,01JGGCHBJGCEJ5XWGM5DJFGV3D
Florinda,42,6,Cotton Sarees,India,7052,363,786,Florinda Shambrooke,2/7/2024,01JGGCHBJHH1978X3Y0PTKWV8T
Britta,23,2,Embroidered Sarees,India,6192,324,0,Britta Middler,12/15/2022,01JGGCHBJJHSZRWZYTEZBCXZ17
Annice,76,14,Embroidered Sarees,India,3665,268,288,Annice Malham,11/19/2023,01JGGCHBJK022HEGZG858PDB0A
Kippy,79,4,Silk Sarees,India,114,198,413,Kippy Tant,8/29/2023,01JGGCHBJMHACMNTR3ERWWKQ90
Ronda,49,9,Handloom Sarees,India,5934,344,2419,Ronda Bircher,9/25/2022,01JGGCHBJNZZC5VT8AM692WN0T
Salome,59,12,Embroidered Sarees,India,7437,28,9825,Salome Ebdin,8/24/2022,01JGGCHBJP96R8CG0E1PVZX1J5
Catherine,36,4,Embroidered Sarees,India,2576,80,1809,Catherine Pailin,6/1/2023,01JGGCHBJQN4MJZPTRQJ0TFWEQ
Milissent,55,1,Regional Specials,India,489,79,5670,Milissent Wigzell,11/9/2023,01JGGCHBJRNYC9XWHW85DEKCXN
Hana,62,13,Embroidered Sarees,India,7936,16,8488,Hana Durkin,7/27/2023,01JGGCHBJT67VXQF4JE7X6XSVC
Camel,64,15,Cotton Sarees,India,4328,386,3954,Camel Keir,10/3/2022,01JGGCHBJVJ3KNCSE60BV6Z39N
Minne,21,3,Handloom Sarees,India,9655,209,5220,Minne Rotherham,12/30/2023,01JGGCHBJWVM8MS0BGRKDQTBRR
Faun,27,14,Silk Sarees,India,7673,38,2984,Faun Phetteplace,6/16/2023,01JGGCHBJXYPPNZ9GG0WQ813RY
Farrand,74,5,Cotton Sarees,India,3781,197,4002,Farrand Billinge,11/9/2022,01JGGCHBJY4XECGBXGBET7QJV5
Marilyn,30,1,Handloom Sarees,India,2032,181,335,Marilyn Bea,8/1/2022,01JGGCHBJZY4Y3KPK3YWYW7RMA
Othilie,80,9,Embroidered Sarees,India,4501,393,8638,Othilie Betteney,10/31/2023,01JGGCHBK03FR78TC340Q90Z0Z
Mina,43,10,Cotton Sarees,India,8582,296,5604,Mina Cokayne,11/11/2024,01JGGCHBK1CSR4RCA6CW94TCRG
Callida,27,2,Modern Sarees,India,2690,60,1425,Callida Ickowicz,5/13/2023,01JGGCHBK22MKH7HBZAXGTDR7D
Valaria,47,12,Silk Sarees,India,9417,369,9631,Valaria Ainslee,4/16/2023,01JGGCHBK3ES3T386T8Z4YHG7Z
Reeva,40,7,Cotton Sarees,India,6194,303,4879,Reeva Bassill,7/12/2024,01JGGCHBK4XCHM1PYSXV37WJG2
Farrand,31,10,Handloom Sarees,India,6121,321,8792,Farrand Harkus,4/6/2024,01JGGCHBK54V410XJV1ENT28AS
Samara,35,4,Modern Sarees,India,4771,33,2842,Samara Crellim,12/4/2022,01JGGCHBK68QQBGD8FC2HDBM9Z
Berty,79,7,Handloom Sarees,India,7826,12,5799,Berty Copnall,6/24/2022,01JGGCHBK8JCD5WPJVZ065B9XV
Wally,21,13,Cotton Sarees,India,113,297,9575,Wally Kendall,3/25/2024,01JGGCHBK9EE4WNET0KY9B386Z
Faina,23,7,Silk Sarees,India,1273,2,318,Faina Burbank,8/14/2022,01JGGCHBKAV85CDN2XPXSRQBJ9
Erma,40,1,Silk Sarees,India,2675,218,5033,Erma Jerschke,10/18/2022,01JGGCHBKB9HF0G8SP2AKWS0X4
Adelaida,31,11,Modern Sarees,India,9162,122,4835,Adelaida Shefton,10/15/2022,01JGGCHBKCQ9VQF6D9V7MKXVXT
Aurelie,44,15,Regional Specials,India,950,386,3456,Aurelie Fleming,8/8/2022,01JGGCHBKDVQS8AHZD6DKEN1W9
Claudie,37,14,Modern Sarees,India,2775,34,1281,Claudie Dust,4/10/2023,01JGGCHBKE0A0XR1R6HZF66YHG
Viv,58,13,Silk Sarees,India,1494,85,6722,Viv Willcocks,2/15/2024,01JGGCHBKFWGGQ54BEWGN9AANR
Valaria,60,10,Cotton Sarees,India,1550,371,8824,Valaria Thyng,12/9/2022,01JGGCHBKGDWDPPKVM9F09W9CC
Alexandra,77,10,Modern Sarees,India,580,153,9819,Alexandra Hirjak,9/17/2023,01JGGCHBKHMF2V9KF6HHPMBCSA
Jennica,72,15,Embroidered Sarees,India,5707,319,8665,Jennica Flindall,9/18/2024,01JGGCHBKJE71GKC8P8TYJZMB2
Ainslee,65,6,Modern Sarees,India,9235,97,1541,Ainslee Daintrey,8/2/2024,01JGGCHBKM4S9WYXTJAAK6XSWZ
Gaynor,28,8,Embroidered Sarees,India,5826,341,379,Gaynor Corwin,6/13/2023,01JGGCHBKMAYQ9C47H1N1VBKVH
Tiffie,55,7,Handloom Sarees,India,7872,200,4402,Tiffie Roffe,7/21/2023,01JGGCHBKP3S4KXF4PQNC1AHQB
Tess,78,12,Cotton Sarees,India,6663,295,6236,Tess Blockley,3/19/2024,01JGGCHBKQWXCNB7DN2R6SCYJY
Enrichetta,69,3,Silk Sarees,India,8042,277,3490,Enrichetta Barney,10/17/2022,01JGGCHBKR16M0KDHPGZ6RQ6Y7
Alejandrina,69,11,Handloom Sarees,India,7590,375,9282,Alejandrina Chilles,6/15/2023,01JGGCHBKSFYYAN64RWFTQ1C8N
Dale,62,4,Regional Specials,India,527,356,9182,Dale Lummis,2/14/2023,01JGGCHBKT4TFFVRHZ8C4C48Z3
Danielle,20,3,Silk Sarees,India,638,151,8227,Danielle Gate,7/16/2022,01JGGCHBKVZFH0WN1EH2Y9E61X
Mellisa,75,2,Silk Sarees,India,7473,57,550,Mellisa Beynke,10/13/2024,01JGGCHBKWA7BKX4VPX1098GGM
Therine,30,11,Regional Specials,India,9823,96,5970,Therine Trulock,3/29/2024,01JGGCHBKXVZ1K7RGA0REGZYR3
Marlene,36,1,Cotton Sarees,India,450,109,1143,Marlene Voden,11/20/2023,01JGGCHBKY4AFQ42Y201289B1M
Marlo,56,14,Cotton Sarees,India,3400,10,9902,Marlo Bubbins,4/17/2024,01JGGCHBKZ1EG40XKTTRF5AP9V
Constantia,48,6,Handloom Sarees,India,3530,391,2470,Constantia Wildblood,6/8/2024,01JGGCHBM03JECV1YHXCXBR72W
Marleah,70,6,Regional Specials,India,2746,127,5258,Marleah Hopfer,5/6/2023,01JGGCHBM24G0SG1PZQDGWQ13M
Karin,51,6,Embroidered Sarees,India,4775,281,245,Karin Rediers,12/8/2023,01JGGCHBM3NB3TAKGTTWD56GE8
Dedie,76,13,Handloom Sarees,India,7144,260,2496,Dedie Halward,7/30/2024,01JGGCHBM42S0KJCP3AG91PFTQ
Dulci,47,4,Silk Sarees,India,5841,19,379,Dulci Langshaw,10/9/2023,01JGGCHBM5RN509NY8E6GKX5QD
Jesse,75,1,Silk Sarees,India,3554,213,846,Jesse Spradbery,10/29/2022,01JGGCHBM6QGT1GMXA0T03ZARB
Dee dee,59,6,Modern Sarees,India,5585,214,9274,Dee dee Pickance,4/16/2024,01JGGCHBM729K9X667XJPXCK63
Diandra,77,2,Embroidered Sarees,India,8978,190,7230,Diandra Bessey,6/21/2024,01JGGCHBM8S4HAY03B9441EYTJ
Jobina,24,15,Embroidered Sarees,India,2484,193,7401,Jobina Hunting,10/22/2022,01JGGCHBM9PN6HBC9GD4QH7GVW
Micky,64,15,Regional Specials,India,3704,58,9636,Micky Peverell,12/1/2024,01JGGCHBMA7V6MPS6BRSEA84HS
Henrie,68,10,Modern Sarees,India,4019,220,8885,Henrie Semkins,9/12/2022,01JGGCHBMBH51J53B7HXGPKXSA
Alyce,44,5,Silk Sarees,India,1962,43,7655,Alyce Atwel,12/19/2023,01JGGCHBMC884X3HFFTJ6T7YRR
Binni,56,7,Handloom Sarees,India,4883,0,1264,Binni Cossentine,12/15/2022,01JGGCHBMEZSG766CHEJ0636M4
Amargo,34,5,Modern Sarees,India,1182,195,1656,Amargo Weighell,3/23/2023,01JGGCHBMF1FVD85DQ4DPEA9GF
Cherrita,79,12,Modern Sarees,India,6175,160,6763,Cherrita Luety,10/25/2024,01JGGCHBMGMJJSQYBGXYRYPW6T
Babbette,74,2,Embroidered Sarees,India,9474,297,1839,Babbette Morshead,10/19/2023,01JGGCHBMH2A1RV9D66HG345BM
Juliana,20,10,Handloom Sarees,India,836,376,7332,Juliana Thieme,2/29/2024,01JGGCHBMJ2EW3DFYB170JV5CQ
Frank,34,10,Cotton Sarees,India,4580,346,5885,Frank Westmore,12/1/2022,01JGGCHBMKQKDBF7ZGS8V0Q73V
Gerhardine,63,11,Silk Sarees,India,8481,350,9404,Gerhardine Tripon,11/18/2022,01JGGCHBMMXCYVGFGNYK17SFK4
Debee,24,5,Modern Sarees,India,2010,96,2343,Debee Rimer,5/2/2023,01JGGCHBMN56BPS4KZDA8RXM3C
Caty,22,15,Modern Sarees,India,2844,355,8490,Caty Denk,9/17/2022,01JGGCHBMP1D75D61WA3JQ58RQ
Bobine,68,3,Regional Specials,India,3383,201,4918,Bobine Gert,3/30/2023,01JGGCHBMREPR79M0426ZGFKJD
